17101	https://d8j0ntlcm91z4.cloudfront.net/user_3GD1yS6zlj6afu2oFQqivYqvn7k/hf_20260923_144939_be27385f-9691-4cc7-bbd4-9b46058ef971.png
17102	https://d8j0ntlcm91z4.cloudfront.net/user_3GD1yS6zlj6afu2oFQqivYqvn7k/hf_20260923_144939_78674102-f001-4519-a858-4feee07663aa.png
17103	https://d8j0ntlcm91z4.cloudfront.net/user_3GD1yS6zlj6afu2oFQqivYqvn7k/hf_20260923_144939_8c7cb047-ef80-4b37-a938-2fe70bf420dd.png
17104	https://d8j0ntlcm91z4.cloudfront.net/user_3GD1yS6zlj6afu2oFQqivYqvn7k/hf_20260923_144938_3231097c-128a-4787-b7cc-0eeb7395912f.png
17105	https://d8j0ntlcm91z4.cloudfront.net/user_3GD1yS6zlj6afu2oFQqivYqvn7k/hf_20260923_144938_61a5be04-025a-4995-9681-971efdd42064.png
17106	https://d8j0ntlcm91z4.cloudfront.net/user_3GD1yS6zlj6afu2oFQqivYqvn7k/hf_20260923_144940_5def5a5b-1a4b-4269-9d73-028a377d10fc.png
17107	https://d8j0ntlcm91z4.cloudfront.net/user_3GD1yS6zlj6afu2oFQqivYqvn7k/hf_20260923_144939_3ee7c112-2cf5-49c5-bf5a-5c3b4e493dc8.png
17108	https://d8j0ntlcm91z4.cloudfront.net/user_3GD1yS6zlj6afu2oFQqivYqvn7k/hf_20260923_144939_5f5cc12f-8867-4c8f-a68e-4f97785772ab.png
17109	https://d8j0ntlcm91z4.cloudfront.net/user_3GD1yS6zlj6afu2oFQqivYqvn7k/hf_20260923_144939_f5c685cf-a6b7-43fa-ab98-6b3168939242.png
17110	https://d8j0ntlcm91z4.cloudfront.net/user_3GD1yS6zlj6afu2oFQqivYqvn7k/hf_20260923_144938_b32acfee-5c96-4c9d-ada0-e5418f6d19a1.png
17111	https://d8j0ntlcm91z4.cloudfront.net/user_3GD1yS6zlj6afu2oFQqivYqvn7k/hf_20260923_144938_c1700cb5-7b4e-4f9c-aeb4-21651eeab910.png
17112	https://d8j0ntlcm91z4.cloudfront.net/user_3GD1yS6zlj6afu2oFQqivYqvn7k/hf_20260923_144938_47e9115b-0596-4467-bc8a-02383deedab4.png
17113	https://d8j0ntlcm91z4.cloudfront.net/user_3GD1yS6zlj6afu2oFQqivYqvn7k/hf_20260923_145011_0bf5825d-6c87-45e0-84db-3edf85982051.png
17114	https://d8j0ntlcm91z4.cloudfront.net/user_3GD1yS6zlj6afu2oFQqivYqvn7k/hf_20260923_145010_b76e1b69-2428-4ae6-bfc3-cfe7be004df4.png
17115	https://d8j0ntlcm91z4.cloudfront.net/user_3GD1yS6zlj6afu2oFQqivYqvn7k/hf_20260923_145010_cc8a3f6e-13b0-4c9d-b6fe-55c22b58a745.png
17116	https://d8j0ntlcm91z4.cloudfront.net/user_3GD1yS6zlj6afu2oFQqivYqvn7k/hf_20260923_145010_8b094db6-2df0-47da-85c1-f7e612c630a2.png
17117	https://d8j0ntlcm91z4.cloudfront.net/user_3GD1yS6zlj6afu2oFQqivYqvn7k/hf_20260923_150201_eb9125bb-ef7b-44b7-b652-5f8eb2390288.png
17118	https://d8j0ntlcm91z4.cloudfront.net/user_3GD1yS6zlj6afu2oFQqivYqvn7k/hf_20260923_145010_5587e75a-3ee9-4534-a99d-92a2bf382e7e.png
17119	https://d8j0ntlcm91z4.cloudfront.net/user_3GD1yS6zlj6afu2oFQqivYqvn7k/hf_20260923_145009_dc4d7aea-6bd6-4301-8e05-f4e43d223971.png
17120	https://d8j0ntlcm91z4.cloudfront.net/user_3GD1yS6zlj6afu2oFQqivYqvn7k/hf_20260923_145010_56fcf15b-a23e-43c3-9a08-5049f0e38fb4.png
17121	https://d8j0ntlcm91z4.cloudfront.net/user_3GD1yS6zlj6afu2oFQqivYqvn7k/hf_20260923_145010_8803cbfa-7daf-4496-a970-7eed4e724a27.png
17122	https://d8j0ntlcm91z4.cloudfront.net/user_3GD1yS6zlj6afu2oFQqivYqvn7k/hf_20260923_145011_cea7000c-7740-470d-bd99-cba74d8c44ec.png
17123	https://d8j0ntlcm91z4.cloudfront.net/user_3GD1yS6zlj6afu2oFQqivYqvn7k/hf_20260923_145010_a1f4041d-6974-4c5b-a7db-e850b0e73c32.png
17124	https://d8j0ntlcm91z4.cloudfront.net/user_3GD1yS6zlj6afu2oFQqivYqvn7k/hf_20260923_145011_43b284ba-e34e-47fb-a588-5f24bcabed90.png
17125	https://d8j0ntlcm91z4.cloudfront.net/user_3GD1yS6zlj6afu2oFQqivYqvn7k/hf_20260923_145041_1c60ad67-05c0-4392-9d58-15cad231808d.png
17126	https://d8j0ntlcm91z4.cloudfront.net/user_3GD1yS6zlj6afu2oFQqivYqvn7k/hf_20260923_150202_9ae74d84-619a-4b67-9569-46951213ccb5.png
17127	https://d8j0ntlcm91z4.cloudfront.net/user_3GD1yS6zlj6afu2oFQqivYqvn7k/hf_20260923_145040_9e914712-0bdc-479e-a46e-32628e21455e.png
17129	https://d8j0ntlcm91z4.cloudfront.net/user_3GD1yS6zlj6afu2oFQqivYqvn7k/hf_20260923_145040_d8eec349-6e18-437e-90a2-9ae899a5fb54.png
17130	https://d8j0ntlcm91z4.cloudfront.net/user_3GD1yS6zlj6afu2oFQqivYqvn7k/hf_20260923_145040_4116b3b3-49c0-444e-b204-ffa5498a0ec0.png
17131	https://d8j0ntlcm91z4.cloudfront.net/user_3GD1yS6zlj6afu2oFQqivYqvn7k/hf_20260923_145040_bf73c902-7c1a-47db-b3dd-f70daf46c713.png
17132	https://d8j0ntlcm91z4.cloudfront.net/user_3GD1yS6zlj6afu2oFQqivYqvn7k/hf_20260923_145040_bb9bca74-3577-44e4-bcde-88d4349326ac.png
17133	https://d8j0ntlcm91z4.cloudfront.net/user_3GD1yS6zlj6afu2oFQqivYqvn7k/hf_20260923_145040_c70d825c-c1ef-4cce-b983-e47aead10ad2.png
17134	https://d8j0ntlcm91z4.cloudfront.net/user_3GD1yS6zlj6afu2oFQqivYqvn7k/hf_20260923_145039_eb9e7a04-232b-4c0a-917b-6c6ddc35e783.png
17135	https://d8j0ntlcm91z4.cloudfront.net/user_3GD1yS6zlj6afu2oFQqivYqvn7k/hf_20260923_145040_b012e3f5-912a-4cea-b84b-ec3f4ea99b91.png
17136	https://d8j0ntlcm91z4.cloudfront.net/user_3GD1yS6zlj6afu2oFQqivYqvn7k/hf_20260923_145042_d2285bb9-b1f4-4553-a792-27466744f708.png
17137	https://d8j0ntlcm91z4.cloudfront.net/user_3GD1yS6zlj6afu2oFQqivYqvn7k/hf_20260923_145041_11c7db16-1704-4e42-af26-bc83bae7667b.png
17138	https://d8j0ntlcm91z4.cloudfront.net/user_3GD1yS6zlj6afu2oFQqivYqvn7k/hf_20260923_145110_618a90ea-5920-4f21-b09d-896131ccaf46.png
17139	https://d8j0ntlcm91z4.cloudfront.net/user_3GD1yS6zlj6afu2oFQqivYqvn7k/hf_20260923_145110_54a6a7ab-3a0f-4c2e-bf07-bd1c18741db1.png
17140	https://d8j0ntlcm91z4.cloudfront.net/user_3GD1yS6zlj6afu2oFQqivYqvn7k/hf_20260923_145108_f6d1a199-33f1-437f-9cf7-a28cf38fa56a.png
17141	https://d8j0ntlcm91z4.cloudfront.net/user_3GD1yS6zlj6afu2oFQqivYqvn7k/hf_20260923_145111_d24d5edd-1a69-449d-bcd2-976613bde62d.png
17142	https://d8j0ntlcm91z4.cloudfront.net/user_3GD1yS6zlj6afu2oFQqivYqvn7k/hf_20260923_145109_fca36e17-a685-4dc9-84b2-afdffb64dd23.png
17143	https://d8j0ntlcm91z4.cloudfront.net/user_3GD1yS6zlj6afu2oFQqivYqvn7k/hf_20260923_145108_2c8cec82-5f14-4dfd-815f-2857804ba46a.png
17144	https://d8j0ntlcm91z4.cloudfront.net/user_3GD1yS6zlj6afu2oFQqivYqvn7k/hf_20260923_145108_6c642a4c-83a9-4125-aba7-085d6e4e347a.png
17145	https://d8j0ntlcm91z4.cloudfront.net/user_3GD1yS6zlj6afu2oFQqivYqvn7k/hf_20260923_145109_5ebbf70a-f7a6-44c1-8c0b-527a151be21d.png
17146	https://d8j0ntlcm91z4.cloudfront.net/user_3GD1yS6zlj6afu2oFQqivYqvn7k/hf_20260923_145110_44175f3a-9f4b-44fc-82c0-81bf787a9706.png
17147	https://d8j0ntlcm91z4.cloudfront.net/user_3GD1yS6zlj6afu2oFQqivYqvn7k/hf_20260923_145109_0ad28bc0-32de-4916-8fbf-4c296c0fb8f1.png
17148	https://d8j0ntlcm91z4.cloudfront.net/user_3GD1yS6zlj6afu2oFQqivYqvn7k/hf_20260923_150026_0cda3479-4d69-48a6-b704-5f962e11ab6f.png
17149	https://d8j0ntlcm91z4.cloudfront.net/user_3GD1yS6zlj6afu2oFQqivYqvn7k/hf_20260923_145109_694c0d77-bc2b-46c7-ae6c-f28797d37735.png
17150	https://d8j0ntlcm91z4.cloudfront.net/user_3GD1yS6zlj6afu2oFQqivYqvn7k/hf_20260923_145134_79b8093f-e480-40c5-bc49-1c1526178d85.png
17151	https://d8j0ntlcm91z4.cloudfront.net/user_3GD1yS6zlj6afu2oFQqivYqvn7k/hf_20260923_145134_7a5e4a1c-8ccb-4937-bfd5-431fae225ddd.png
17152	https://d8j0ntlcm91z4.cloudfront.net/user_3GD1yS6zlj6afu2oFQqivYqvn7k/hf_20260923_145137_7e56ef03-cbde-47df-b298-8540a6edbacc.png
17153	https://d8j0ntlcm91z4.cloudfront.net/user_3GD1yS6zlj6afu2oFQqivYqvn7k/hf_20260923_145135_a0bbd374-70c9-4207-8122-967e0a17cba6.png
17154	https://d8j0ntlcm91z4.cloudfront.net/user_3GD1yS6zlj6afu2oFQqivYqvn7k/hf_20260923_145134_62893fc4-c620-4af2-9b76-dff3fe930da4.png
17155	https://d8j0ntlcm91z4.cloudfront.net/user_3GD1yS6zlj6afu2oFQqivYqvn7k/hf_20260923_145136_7365168c-3348-471e-8f21-292c5c44f7ae.png
17156	https://d8j0ntlcm91z4.cloudfront.net/user_3GD1yS6zlj6afu2oFQqivYqvn7k/hf_20260923_145135_92d251d6-2b12-4024-afce-3794d817d416.png
17157	https://d8j0ntlcm91z4.cloudfront.net/user_3GD1yS6zlj6afu2oFQqivYqvn7k/hf_20260923_145134_8d15e369-9c09-442b-bb39-9724983a39d5.png
17158	https://d8j0ntlcm91z4.cloudfront.net/user_3GD1yS6zlj6afu2oFQqivYqvn7k/hf_20260923_145136_c280a624-e50d-4f29-852f-e6648b8d5ffc.png
17159	https://d8j0ntlcm91z4.cloudfront.net/user_3GD1yS6zlj6afu2oFQqivYqvn7k/hf_20260923_145134_579fab8e-6304-4fb7-820a-94d8fa0e941a.png
17160	https://d8j0ntlcm91z4.cloudfront.net/user_3GD1yS6zlj6afu2oFQqivYqvn7k/hf_20260923_145139_d2a962f3-1bc7-4613-8809-fae3f76c9ece.png
17161	https://d8j0ntlcm91z4.cloudfront.net/user_3GD1yS6zlj6afu2oFQqivYqvn7k/hf_20260923_145134_a9c8e665-3ae0-4d3b-93a2-9e78b0703aa0.png
17162	https://d8j0ntlcm91z4.cloudfront.net/user_3GD1yS6zlj6afu2oFQqivYqvn7k/hf_20260923_145205_f30788b7-2698-4586-8e6e-46adc8ba133e.png
17163	https://d8j0ntlcm91z4.cloudfront.net/user_3GD1yS6zlj6afu2oFQqivYqvn7k/hf_20260923_145203_6e8227b3-fb1c-44b1-a7a2-b2540fbd7278.png
17164	https://d8j0ntlcm91z4.cloudfront.net/user_3GD1yS6zlj6afu2oFQqivYqvn7k/hf_20260923_145203_4354f0ba-5ae6-4a60-ac4f-ba8193a06c34.png
17165	https://d8j0ntlcm91z4.cloudfront.net/user_3GD1yS6zlj6afu2oFQqivYqvn7k/hf_20260923_150201_e6ae78e7-4440-4639-bc9c-5835a129d54e.png
17166	https://d8j0ntlcm91z4.cloudfront.net/user_3GD1yS6zlj6afu2oFQqivYqvn7k/hf_20260923_145204_b79140a0-2f01-4dce-9b91-425bbb57f2a6.png
17167	https://d8j0ntlcm91z4.cloudfront.net/user_3GD1yS6zlj6afu2oFQqivYqvn7k/hf_20260923_150202_0f85f409-7f99-4259-b098-d300dc76a46c.png
17168	https://d8j0ntlcm91z4.cloudfront.net/user_3GD1yS6zlj6afu2oFQqivYqvn7k/hf_20260923_150201_17706113-d935-4eab-8eae-b13f5c3ceb8c.png
17169	https://d8j0ntlcm91z4.cloudfront.net/user_3GD1yS6zlj6afu2oFQqivYqvn7k/hf_20260923_145204_37401ac4-01c4-4fb3-a8de-897d5b6ced74.png
17170	https://d8j0ntlcm91z4.cloudfront.net/user_3GD1yS6zlj6afu2oFQqivYqvn7k/hf_20260923_145205_3573ae69-3875-4a12-9f5f-cb3e55d18fea.png
17171	https://d8j0ntlcm91z4.cloudfront.net/user_3GD1yS6zlj6afu2oFQqivYqvn7k/hf_20260923_145204_a77730f9-01e9-42cf-987f-42d557f6d6ea.png
17172	https://d8j0ntlcm91z4.cloudfront.net/user_3GD1yS6zlj6afu2oFQqivYqvn7k/hf_20260923_145204_30c306af-f1af-4388-a6cd-8938b0d15def.png
17173	https://d8j0ntlcm91z4.cloudfront.net/user_3GD1yS6zlj6afu2oFQqivYqvn7k/hf_20260923_145204_46a66c6f-5a3a-4e78-9d1b-b0d72b227e94.png
17174	https://d8j0ntlcm91z4.cloudfront.net/user_3GD1yS6zlj6afu2oFQqivYqvn7k/hf_20260923_145234_c62b83c5-0569-4b9d-88b7-faa98d730e54.png
17175	https://d8j0ntlcm91z4.cloudfront.net/user_3GD1yS6zlj6afu2oFQqivYqvn7k/hf_20260923_145235_615c7ae0-542d-4503-a0f3-2ccfc1ddc140.png
17176	https://d8j0ntlcm91z4.cloudfront.net/user_3GD1yS6zlj6afu2oFQqivYqvn7k/hf_20260923_145234_659b6662-2dd3-45fc-b67f-de733281710c.png
17177	https://d8j0ntlcm91z4.cloudfront.net/user_3GD1yS6zlj6afu2oFQqivYqvn7k/hf_20260923_145234_b87cb20f-a6a5-49ea-8c70-7a67d8373a31.png
17178	https://d8j0ntlcm91z4.cloudfront.net/user_3GD1yS6zlj6afu2oFQqivYqvn7k/hf_20260923_145234_b2d6357d-22a8-4489-a8c2-3f99f645a195.png
17179	https://d8j0ntlcm91z4.cloudfront.net/user_3GD1yS6zlj6afu2oFQqivYqvn7k/hf_20260923_145233_32efda4b-3fb4-490d-91f9-a0f8b5ca5949.png
17180	https://d8j0ntlcm91z4.cloudfront.net/user_3GD1yS6zlj6afu2oFQqivYqvn7k/hf_20260923_145234_5a96b074-8777-44a6-af3c-4edf788fd374.png
17181	https://d8j0ntlcm91z4.cloudfront.net/user_3GD1yS6zlj6afu2oFQqivYqvn7k/hf_20260923_145235_7c0c925a-5dba-43f0-aed4-7881b77a533b.png
17182	https://d8j0ntlcm91z4.cloudfront.net/user_3GD1yS6zlj6afu2oFQqivYqvn7k/hf_20260923_145234_8b098b66-3d98-40a4-a39c-2323b378bf60.png
17183	https://d8j0ntlcm91z4.cloudfront.net/user_3GD1yS6zlj6afu2oFQqivYqvn7k/hf_20260923_145234_802da8be-66c9-4e69-8c64-513b595bacf2.png
17184	https://d8j0ntlcm91z4.cloudfront.net/user_3GD1yS6zlj6afu2oFQqivYqvn7k/hf_20260923_145234_b51d766e-55de-4cbb-8f7e-9a22194affe7.png
17185	https://d8j0ntlcm91z4.cloudfront.net/user_3GD1yS6zlj6afu2oFQqivYqvn7k/hf_20260923_145234_d458e792-26c7-4955-98a0-cd02cb039932.png
17186	https://d8j0ntlcm91z4.cloudfront.net/user_3GD1yS6zlj6afu2oFQqivYqvn7k/hf_20260923_145303_6ed6f66c-ddb6-45c8-8fd0-fde7c11c6317.png
17187	https://d8j0ntlcm91z4.cloudfront.net/user_3GD1yS6zlj6afu2oFQqivYqvn7k/hf_20260923_145305_ccd222db-8cdf-458b-bfb7-e1913e997291.png
17188	https://d8j0ntlcm91z4.cloudfront.net/user_3GD1yS6zlj6afu2oFQqivYqvn7k/hf_20260923_145304_77f68c3e-1b22-4a0d-b659-b4fd23876679.png
17189	https://d8j0ntlcm91z4.cloudfront.net/user_3GD1yS6zlj6afu2oFQqivYqvn7k/hf_20260923_145305_80f0a63e-d734-43dc-8bd4-dad45ee365d2.png
17190	https://d8j0ntlcm91z4.cloudfront.net/user_3GD1yS6zlj6afu2oFQqivYqvn7k/hf_20260923_150201_fb006fa2-cef4-427f-aea2-ddbd851cfbbf.png
17191	https://d8j0ntlcm91z4.cloudfront.net/user_3GD1yS6zlj6afu2oFQqivYqvn7k/hf_20260923_145304_09a4a983-67fb-4cc5-9037-eac9bb60cd9e.png
17192	https://d8j0ntlcm91z4.cloudfront.net/user_3GD1yS6zlj6afu2oFQqivYqvn7k/hf_20260923_150203_133e5c05-27cd-4f53-b3c1-ce2cb957ee78.png
17193	https://d8j0ntlcm91z4.cloudfront.net/user_3GD1yS6zlj6afu2oFQqivYqvn7k/hf_20260923_145304_a379f104-5ed2-4fe2-b88d-3b482e1817f5.png
17194	https://d8j0ntlcm91z4.cloudfront.net/user_3GD1yS6zlj6afu2oFQqivYqvn7k/hf_20260923_145304_d3c78cd7-42f5-475f-a6dc-e9bb7f1c7d57.png
17195	https://d8j0ntlcm91z4.cloudfront.net/user_3GD1yS6zlj6afu2oFQqivYqvn7k/hf_20260923_145304_8edacd70-dcb2-499b-88e7-6198b8e50306.png
17196	https://d8j0ntlcm91z4.cloudfront.net/user_3GD1yS6zlj6afu2oFQqivYqvn7k/hf_20260923_145304_0d6bb6e4-7614-4bbb-bc65-5ae761c057a8.png
17197	https://d8j0ntlcm91z4.cloudfront.net/user_3GD1yS6zlj6afu2oFQqivYqvn7k/hf_20260923_145305_b953417b-a6a0-4fc8-8059-2f9ae0fbd8b5.png
17198	https://d8j0ntlcm91z4.cloudfront.net/user_3GD1yS6zlj6afu2oFQqivYqvn7k/hf_20260923_145332_442171b8-6b4a-43e9-aa78-974f39b3f108.png
17199	https://d8j0ntlcm91z4.cloudfront.net/user_3GD1yS6zlj6afu2oFQqivYqvn7k/hf_20260923_145331_500609c6-3c40-46ea-9847-e4a48a028a5f.png
17200	https://d8j0ntlcm91z4.cloudfront.net/user_3GD1yS6zlj6afu2oFQqivYqvn7k/hf_20260923_145331_b07dfae6-c87f-4369-a680-93be2fafcbdf.png
17201	https://d8j0ntlcm91z4.cloudfront.net/user_3GD1yS6zlj6afu2oFQqivYqvn7k/hf_20260923_145333_dd776dbf-bd9a-4f32-adbf-e65b44c69ba5.png
17202	https://d8j0ntlcm91z4.cloudfront.net/user_3GD1yS6zlj6afu2oFQqivYqvn7k/hf_20260923_145331_ee5a757e-b20d-4d6f-95cd-bbd1c2d5d68b.png
17203	https://d8j0ntlcm91z4.cloudfront.net/user_3GD1yS6zlj6afu2oFQqivYqvn7k/hf_20260923_145331_6ee4e6a0-1199-405b-ba55-fec28e9ba9bd.png
17204	https://d8j0ntlcm91z4.cloudfront.net/user_3GD1yS6zlj6afu2oFQqivYqvn7k/hf_20260923_145331_8e1ae40a-e7b8-435c-93f4-2ec2e6cf0874.png
17205	https://d8j0ntlcm91z4.cloudfront.net/user_3GD1yS6zlj6afu2oFQqivYqvn7k/hf_20260923_145331_64ab1713-8b6a-411f-9755-8ff6a3e9ce2a.png
17206	https://d8j0ntlcm91z4.cloudfront.net/user_3GD1yS6zlj6afu2oFQqivYqvn7k/hf_20260923_145331_cf12ac4e-70a4-485b-8fec-cb3ccc2ac1b6.png
17207	https://d8j0ntlcm91z4.cloudfront.net/user_3GD1yS6zlj6afu2oFQqivYqvn7k/hf_20260923_145331_0eea4d93-bf18-4114-a993-7ec3120dfe7c.png
17208	https://d8j0ntlcm91z4.cloudfront.net/user_3GD1yS6zlj6afu2oFQqivYqvn7k/hf_20260923_145331_dfa864d8-6ce3-46a3-acb2-77ea39e51479.png
17209	https://d8j0ntlcm91z4.cloudfront.net/user_3GD1yS6zlj6afu2oFQqivYqvn7k/hf_20260923_145332_848bd621-0f33-4090-a58d-026246749b84.png
17210	https://d8j0ntlcm91z4.cloudfront.net/user_3GD1yS6zlj6afu2oFQqivYqvn7k/hf_20260923_145400_84594755-f5a6-4de6-a263-8675acbe199b.png
17211	https://d8j0ntlcm91z4.cloudfront.net/user_3GD1yS6zlj6afu2oFQqivYqvn7k/hf_20260923_145358_be76df7a-5d99-44fc-8d55-03d1e8fb7d6f.png
17212	https://d8j0ntlcm91z4.cloudfront.net/user_3GD1yS6zlj6afu2oFQqivYqvn7k/hf_20260923_145400_1c9ba927-61d7-4c8b-80f6-bd33a6e776b9.png
17213	https://d8j0ntlcm91z4.cloudfront.net/user_3GD1yS6zlj6afu2oFQqivYqvn7k/hf_20260923_145358_8e421335-a44c-46e9-a54a-12c2883f386c.png
17214	https://d8j0ntlcm91z4.cloudfront.net/user_3GD1yS6zlj6afu2oFQqivYqvn7k/hf_20260923_145358_16a20eee-53e4-4cb4-86de-ec0ae96c27f4.png
17215	https://d8j0ntlcm91z4.cloudfront.net/user_3GD1yS6zlj6afu2oFQqivYqvn7k/hf_20260923_145359_3d049bac-a556-4f5b-bf54-08b4f3fbd973.png
17216	https://d8j0ntlcm91z4.cloudfront.net/user_3GD1yS6zlj6afu2oFQqivYqvn7k/hf_20260923_145359_8fce58d2-8a2c-4147-94f1-51a41e0f7e4e.png
17217	https://d8j0ntlcm91z4.cloudfront.net/user_3GD1yS6zlj6afu2oFQqivYqvn7k/hf_20260923_145358_66214b32-1df4-4960-a237-50df7b1683b3.png
17218	https://d8j0ntlcm91z4.cloudfront.net/user_3GD1yS6zlj6afu2oFQqivYqvn7k/hf_20260923_145359_85295045-b3d6-4d54-b135-31b36c7f6637.png
17219	https://d8j0ntlcm91z4.cloudfront.net/user_3GD1yS6zlj6afu2oFQqivYqvn7k/hf_20260923_145359_1596f421-1ea3-44f9-a8ac-1dfe0b4df81b.png
17220	https://d8j0ntlcm91z4.cloudfront.net/user_3GD1yS6zlj6afu2oFQqivYqvn7k/hf_20260923_145358_e6f47df4-693b-45d9-ad70-b501b8546340.png
17221	https://d8j0ntlcm91z4.cloudfront.net/user_3GD1yS6zlj6afu2oFQqivYqvn7k/hf_20260923_145359_741c53c7-f6b3-48c8-8f78-66795c5cc7dc.png
17222	https://d8j0ntlcm91z4.cloudfront.net/user_3GD1yS6zlj6afu2oFQqivYqvn7k/hf_20260923_145608_033fde29-3e9b-4764-8c47-f368fede7835.png
17223	https://d8j0ntlcm91z4.cloudfront.net/user_3GD1yS6zlj6afu2oFQqivYqvn7k/hf_20260923_145608_01ac36fc-1d46-4dd9-b19a-eb40603ab1b8.png
17224	https://d8j0ntlcm91z4.cloudfront.net/user_3GD1yS6zlj6afu2oFQqivYqvn7k/hf_20260923_145609_b1795aa6-7205-4860-bc6d-f8ac187edb1f.png
17225	https://d8j0ntlcm91z4.cloudfront.net/user_3GD1yS6zlj6afu2oFQqivYqvn7k/hf_20260923_145608_607f37d5-02d8-4d98-b2bc-a7b395f0fda9.png
17226	https://d8j0ntlcm91z4.cloudfront.net/user_3GD1yS6zlj6afu2oFQqivYqvn7k/hf_20260923_145608_70da04c7-7b88-457a-8537-89646ea5f358.png
17227	https://d8j0ntlcm91z4.cloudfront.net/user_3GD1yS6zlj6afu2oFQqivYqvn7k/hf_20260923_150203_eb82a2ce-0e86-4182-9d87-b283c080c2a9.png
17228	https://d8j0ntlcm91z4.cloudfront.net/user_3GD1yS6zlj6afu2oFQqivYqvn7k/hf_20260923_145608_d63dd1f3-e05d-49ae-8418-2ef3e057a376.png
17229	https://d8j0ntlcm91z4.cloudfront.net/user_3GD1yS6zlj6afu2oFQqivYqvn7k/hf_20260923_145610_597a3658-1836-4f3a-b399-8766372e4afe.png
17230	https://d8j0ntlcm91z4.cloudfront.net/user_3GD1yS6zlj6afu2oFQqivYqvn7k/hf_20260923_145608_4a1f7fbf-300e-4201-98db-8a376414ef31.png
17231	https://d8j0ntlcm91z4.cloudfront.net/user_3GD1yS6zlj6afu2oFQqivYqvn7k/hf_20260923_145610_7c87f3a7-a63c-447a-b7d4-a5ac27faa41e.png
17233	https://d8j0ntlcm91z4.cloudfront.net/user_3GD1yS6zlj6afu2oFQqivYqvn7k/hf_20260923_150203_e671848b-a720-4438-b42b-a8652be54c86.png
17234	https://d8j0ntlcm91z4.cloudfront.net/user_3GD1yS6zlj6afu2oFQqivYqvn7k/hf_20260923_145638_c7d6f63b-a145-4b6b-bcc2-26f4f531f72f.png
17235	https://d8j0ntlcm91z4.cloudfront.net/user_3GD1yS6zlj6afu2oFQqivYqvn7k/hf_20260923_145637_649db0b7-6ebc-4213-aa4c-aa37c0f38935.png
17236	https://d8j0ntlcm91z4.cloudfront.net/user_3GD1yS6zlj6afu2oFQqivYqvn7k/hf_20260923_145637_2c88a6d0-a205-4d9f-b4ea-bc0af9fedb01.png
17237	https://d8j0ntlcm91z4.cloudfront.net/user_3GD1yS6zlj6afu2oFQqivYqvn7k/hf_20260923_145637_b5db24f3-33b9-4881-b510-f0d952e0836d.png
17238	https://d8j0ntlcm91z4.cloudfront.net/user_3GD1yS6zlj6afu2oFQqivYqvn7k/hf_20260923_145637_a21d151c-afc7-4f55-98bd-6127328b7038.png
17239	https://d8j0ntlcm91z4.cloudfront.net/user_3GD1yS6zlj6afu2oFQqivYqvn7k/hf_20260923_145637_7babd07b-4056-460e-870d-0c005777effb.png
17240	https://d8j0ntlcm91z4.cloudfront.net/user_3GD1yS6zlj6afu2oFQqivYqvn7k/hf_20260923_145637_09fb7deb-ff42-4f07-9002-00a782493d0d.png
17241	https://d8j0ntlcm91z4.cloudfront.net/user_3GD1yS6zlj6afu2oFQqivYqvn7k/hf_20260923_145637_88ca0d68-f1b5-47fc-abd7-13e54adddefc.png
17242	https://d8j0ntlcm91z4.cloudfront.net/user_3GD1yS6zlj6afu2oFQqivYqvn7k/hf_20260923_145637_6b0a6880-4288-4b7b-bcd1-751cb0541dc9.png
17243	https://d8j0ntlcm91z4.cloudfront.net/user_3GD1yS6zlj6afu2oFQqivYqvn7k/hf_20260923_145638_995928c3-a9ba-4b34-a6bb-22e0d046a536.png
17244	https://d8j0ntlcm91z4.cloudfront.net/user_3GD1yS6zlj6afu2oFQqivYqvn7k/hf_20260923_145637_cce68179-5869-403d-b5d4-2b54b5ed0bf2.png
17245	https://d8j0ntlcm91z4.cloudfront.net/user_3GD1yS6zlj6afu2oFQqivYqvn7k/hf_20260923_145637_1e443170-5017-4b19-9d00-b9941a459de8.png
17246	https://d8j0ntlcm91z4.cloudfront.net/user_3GD1yS6zlj6afu2oFQqivYqvn7k/hf_20260923_145700_c8ee5224-a684-41ad-9516-a5ea55c7a804.png
17247	https://d8j0ntlcm91z4.cloudfront.net/user_3GD1yS6zlj6afu2oFQqivYqvn7k/hf_20260923_145702_069f36d1-facd-4f71-b7f8-9bd8e32ddfb4.png
17248	https://d8j0ntlcm91z4.cloudfront.net/user_3GD1yS6zlj6afu2oFQqivYqvn7k/hf_20260923_145701_b363738c-45f7-47af-9798-ebbf7f45e5e2.png
17249	https://d8j0ntlcm91z4.cloudfront.net/user_3GD1yS6zlj6afu2oFQqivYqvn7k/hf_20260923_145700_ac67a42b-0b43-426d-ab31-857043bea603.png
17250	https://d8j0ntlcm91z4.cloudfront.net/user_3GD1yS6zlj6afu2oFQqivYqvn7k/hf_20260923_145700_c9855ba2-8412-4330-82d4-98013fb49d19.png
17251	https://d8j0ntlcm91z4.cloudfront.net/user_3GD1yS6zlj6afu2oFQqivYqvn7k/hf_20260923_145701_084d230c-8277-48b6-9403-4fe419eca959.png
17252	https://d8j0ntlcm91z4.cloudfront.net/user_3GD1yS6zlj6afu2oFQqivYqvn7k/hf_20260923_145700_b83eba74-ce77-4d99-9752-bee5ea84b851.png
17253	https://d8j0ntlcm91z4.cloudfront.net/user_3GD1yS6zlj6afu2oFQqivYqvn7k/hf_20260923_144944_91ea2b31-b666-4fd0-bdbd-e226f28451d5.png
17254	https://d8j0ntlcm91z4.cloudfront.net/user_3GD1yS6zlj6afu2oFQqivYqvn7k/hf_20260923_144943_a3b4adce-6a5b-4382-b6b5-3c90fda87a48.png
17255	https://d8j0ntlcm91z4.cloudfront.net/user_3GD1yS6zlj6afu2oFQqivYqvn7k/hf_20260923_144944_d1dabacc-d76a-4069-9a22-473db9cc5191.png
17256	https://d8j0ntlcm91z4.cloudfront.net/user_3GD1yS6zlj6afu2oFQqivYqvn7k/hf_20260923_144943_b824a7ae-8d73-4429-82b3-4672dd1ca083.png
17257	https://d8j0ntlcm91z4.cloudfront.net/user_3GD1yS6zlj6afu2oFQqivYqvn7k/hf_20260923_144943_2aaa15f5-41b2-4674-b2ed-47dae195d3a7.png
17258	https://d8j0ntlcm91z4.cloudfront.net/user_3GD1yS6zlj6afu2oFQqivYqvn7k/hf_20260923_144943_19e840b1-e670-4d73-ad08-e62d714fafbf.png
17259	https://d8j0ntlcm91z4.cloudfront.net/user_3GD1yS6zlj6afu2oFQqivYqvn7k/hf_20260923_144945_1dededd2-8a13-4394-9d47-646a936e2a93.png
17260	https://d8j0ntlcm91z4.cloudfront.net/user_3GD1yS6zlj6afu2oFQqivYqvn7k/hf_20260923_144943_df2a74f2-02f4-4e97-9a0c-2183d1391d5f.png
17261	https://d8j0ntlcm91z4.cloudfront.net/user_3GD1yS6zlj6afu2oFQqivYqvn7k/hf_20260923_144942_41defb80-15c4-451f-b517-a044627e203f.png
17262	https://d8j0ntlcm91z4.cloudfront.net/user_3GD1yS6zlj6afu2oFQqivYqvn7k/hf_20260923_144943_cc6a233d-27c5-43b4-ba5a-5474e0ccf65d.png
17263	https://d8j0ntlcm91z4.cloudfront.net/user_3GD1yS6zlj6afu2oFQqivYqvn7k/hf_20260923_144943_0416b92c-74f0-43a7-ba71-834924879f24.png
17264	https://d8j0ntlcm91z4.cloudfront.net/user_3GD1yS6zlj6afu2oFQqivYqvn7k/hf_20260923_150202_b2ae9cb5-c7c8-402f-858e-8087a26c14e8.png
17265	https://d8j0ntlcm91z4.cloudfront.net/user_3GD1yS6zlj6afu2oFQqivYqvn7k/hf_20260923_145013_4b7e550d-7899-43b6-86e4-5b7434de6082.png
17267	https://d8j0ntlcm91z4.cloudfront.net/user_3GD1yS6zlj6afu2oFQqivYqvn7k/hf_20260923_145014_c71f9120-5722-47d7-84f1-cb11932cf190.png
17268	https://d8j0ntlcm91z4.cloudfront.net/user_3GD1yS6zlj6afu2oFQqivYqvn7k/hf_20260923_145013_e2f70de3-1527-44b4-abea-b518e0d2bc7e.png
17269	https://d8j0ntlcm91z4.cloudfront.net/user_3GD1yS6zlj6afu2oFQqivYqvn7k/hf_20260923_145015_ee430134-8ef4-4608-9cec-dff5b602e1a9.png
17270	https://d8j0ntlcm91z4.cloudfront.net/user_3GD1yS6zlj6afu2oFQqivYqvn7k/hf_20260923_145013_315f26fc-6948-4c34-acdf-00aac0a63465.png
17271	https://d8j0ntlcm91z4.cloudfront.net/user_3GD1yS6zlj6afu2oFQqivYqvn7k/hf_20260923_145013_7e183b4b-2baa-4421-9733-49e637aa446e.png
17272	https://d8j0ntlcm91z4.cloudfront.net/user_3GD1yS6zlj6afu2oFQqivYqvn7k/hf_20260923_145014_ef48f16c-0c07-4b47-958f-a3eac9ad2e6d.png
17274	https://d8j0ntlcm91z4.cloudfront.net/user_3GD1yS6zlj6afu2oFQqivYqvn7k/hf_20260923_145015_e541be20-7e53-4683-962f-1ebb4f588038.png
17275	https://d8j0ntlcm91z4.cloudfront.net/user_3GD1yS6zlj6afu2oFQqivYqvn7k/hf_20260923_145926_4768595a-89a7-4403-8998-1c469079b5cb.png
17276	https://d8j0ntlcm91z4.cloudfront.net/user_3GD1yS6zlj6afu2oFQqivYqvn7k/hf_20260923_145015_f6d74f3c-cb3c-429e-bdbe-eac844369aeb.png
17277	https://d8j0ntlcm91z4.cloudfront.net/user_3GD1yS6zlj6afu2oFQqivYqvn7k/hf_20260923_145042_77593099-7b4d-459b-b8fe-0c487195df7b.png
17278	https://d8j0ntlcm91z4.cloudfront.net/user_3GD1yS6zlj6afu2oFQqivYqvn7k/hf_20260923_145042_17855565-aee9-408b-b917-77fb5bdae30e.png
17279	https://d8j0ntlcm91z4.cloudfront.net/user_3GD1yS6zlj6afu2oFQqivYqvn7k/hf_20260923_145041_965ed60d-85c9-43af-ba9a-999d3fdd789c.png
17280	https://d8j0ntlcm91z4.cloudfront.net/user_3GD1yS6zlj6afu2oFQqivYqvn7k/hf_20260923_145041_033f8b26-14b7-409b-824d-e5bdf2361bea.png
17281	https://d8j0ntlcm91z4.cloudfront.net/user_3GD1yS6zlj6afu2oFQqivYqvn7k/hf_20260923_145042_67f33e71-5ad2-48a2-b8d8-d77f69599d3e.png
17282	https://d8j0ntlcm91z4.cloudfront.net/user_3GD1yS6zlj6afu2oFQqivYqvn7k/hf_20260923_145042_66967e2b-c9b1-4ec0-be97-e29b54dd8e5d.png
17283	https://d8j0ntlcm91z4.cloudfront.net/user_3GD1yS6zlj6afu2oFQqivYqvn7k/hf_20260923_145041_b7633755-779d-44c3-b6d6-b7a7982eb1cd.png
17284	https://d8j0ntlcm91z4.cloudfront.net/user_3GD1yS6zlj6afu2oFQqivYqvn7k/hf_20260923_145042_c42be055-1aa0-4827-af43-3a795c14db5f.png
17285	https://d8j0ntlcm91z4.cloudfront.net/user_3GD1yS6zlj6afu2oFQqivYqvn7k/hf_20260923_145041_7f1cce0c-1e52-46ae-b4a6-611117d4d9ae.png
17286	https://d8j0ntlcm91z4.cloudfront.net/user_3GD1yS6zlj6afu2oFQqivYqvn7k/hf_20260923_145042_2ae19743-6fc6-4dba-ab73-f38f352ed4e1.png
17287	https://d8j0ntlcm91z4.cloudfront.net/user_3GD1yS6zlj6afu2oFQqivYqvn7k/hf_20260923_145041_4b5a0e24-e353-41ce-9aaf-123f4db240db.png
17288	https://d8j0ntlcm91z4.cloudfront.net/user_3GD1yS6zlj6afu2oFQqivYqvn7k/hf_20260923_145042_e85abb32-7f21-4d3d-81dd-2df40a65b355.png
17289	https://d8j0ntlcm91z4.cloudfront.net/user_3GD1yS6zlj6afu2oFQqivYqvn7k/hf_20260923_145118_98833edb-382f-4a32-8b57-f5f32beeace7.png
17290	https://d8j0ntlcm91z4.cloudfront.net/user_3GD1yS6zlj6afu2oFQqivYqvn7k/hf_20260923_145117_a3631d5a-f171-4638-8a84-979df857338f.png
17291	https://d8j0ntlcm91z4.cloudfront.net/user_3GD1yS6zlj6afu2oFQqivYqvn7k/hf_20260923_145117_450ebba6-d8ce-4492-9d86-1a6d81bb21f7.png
17292	https://d8j0ntlcm91z4.cloudfront.net/user_3GD1yS6zlj6afu2oFQqivYqvn7k/hf_20260923_145117_be714886-a377-441e-a436-6d5ea193ea26.png
17293	https://d8j0ntlcm91z4.cloudfront.net/user_3GD1yS6zlj6afu2oFQqivYqvn7k/hf_20260923_145117_c0ae4cbd-7086-4890-a810-3fb5ac0bb3a0.png
17294	https://d8j0ntlcm91z4.cloudfront.net/user_3GD1yS6zlj6afu2oFQqivYqvn7k/hf_20260923_145118_127de5db-65df-4859-b3f4-1752b4fcc8c0.png
17295	https://d8j0ntlcm91z4.cloudfront.net/user_3GD1yS6zlj6afu2oFQqivYqvn7k/hf_20260923_145117_fdca032a-8f0f-4ede-b1f9-25b6d7cf680d.png
17296	https://d8j0ntlcm91z4.cloudfront.net/user_3GD1yS6zlj6afu2oFQqivYqvn7k/hf_20260923_145117_52ebdc08-76a6-47b9-8165-7ce3e9435769.png
17297	https://d8j0ntlcm91z4.cloudfront.net/user_3GD1yS6zlj6afu2oFQqivYqvn7k/hf_20260923_145117_aceaa23c-9e84-49ed-b9fb-188a619c982d.png
17298	https://d8j0ntlcm91z4.cloudfront.net/user_3GD1yS6zlj6afu2oFQqivYqvn7k/hf_20260923_145117_b0d6d688-5126-43fc-9dcf-46190034d6aa.png
17299	https://d8j0ntlcm91z4.cloudfront.net/user_3GD1yS6zlj6afu2oFQqivYqvn7k/hf_20260923_145117_22e7e15a-547e-40d6-8571-d4431edd5778.png
17300	https://d8j0ntlcm91z4.cloudfront.net/user_3GD1yS6zlj6afu2oFQqivYqvn7k/hf_20260923_145117_dc51a579-87ee-46c3-bb4e-afeabec1d114.png
17301	https://d8j0ntlcm91z4.cloudfront.net/user_3GD1yS6zlj6afu2oFQqivYqvn7k/hf_20260923_145147_f57d87d8-7656-44f6-8043-351460560fff.png
17302	https://d8j0ntlcm91z4.cloudfront.net/user_3GD1yS6zlj6afu2oFQqivYqvn7k/hf_20260923_145147_4b0fa148-b851-4262-8a42-65f25b3231a0.png
17303	https://d8j0ntlcm91z4.cloudfront.net/user_3GD1yS6zlj6afu2oFQqivYqvn7k/hf_20260923_145146_accb18db-314b-41cf-9baf-6fe592b3e339.png
17304	https://d8j0ntlcm91z4.cloudfront.net/user_3GD1yS6zlj6afu2oFQqivYqvn7k/hf_20260923_145147_f24fa057-d1d8-4937-b942-0b7a3e96d98a.png
17305	https://d8j0ntlcm91z4.cloudfront.net/user_3GD1yS6zlj6afu2oFQqivYqvn7k/hf_20260923_145147_82e03eba-7d25-4c84-9cd0-9bd7454cc4da.png
17306	https://d8j0ntlcm91z4.cloudfront.net/user_3GD1yS6zlj6afu2oFQqivYqvn7k/hf_20260923_145147_7e381b2f-f0c6-4cc7-9c71-d31776d0221b.png
17307	https://d8j0ntlcm91z4.cloudfront.net/user_3GD1yS6zlj6afu2oFQqivYqvn7k/hf_20260923_145147_3c1ab489-1abc-4e9e-8d02-0e4b7eaa8568.png
17308	https://d8j0ntlcm91z4.cloudfront.net/user_3GD1yS6zlj6afu2oFQqivYqvn7k/hf_20260923_145148_b2ad527d-e18d-4606-8218-adce8278ccb2.png
17309	https://d8j0ntlcm91z4.cloudfront.net/user_3GD1yS6zlj6afu2oFQqivYqvn7k/hf_20260923_145147_d50da0f3-45f7-4d66-8c90-281de83ca54a.png
17310	https://d8j0ntlcm91z4.cloudfront.net/user_3GD1yS6zlj6afu2oFQqivYqvn7k/hf_20260923_145147_355f765c-4845-4988-962f-8388f2b3999b.png
17311	https://d8j0ntlcm91z4.cloudfront.net/user_3GD1yS6zlj6afu2oFQqivYqvn7k/hf_20260923_145147_4d552fe9-0246-4425-b8dd-84b3a47f8fdb.png
17312	https://d8j0ntlcm91z4.cloudfront.net/user_3GD1yS6zlj6afu2oFQqivYqvn7k/hf_20260923_145148_0e8076b4-65ac-4697-b6c5-eafb5f4e0f10.png
17313	https://d8j0ntlcm91z4.cloudfront.net/user_3GD1yS6zlj6afu2oFQqivYqvn7k/hf_20260923_145214_dc1c4174-8eea-4259-bef4-15001f99b43c.png
17314	https://d8j0ntlcm91z4.cloudfront.net/user_3GD1yS6zlj6afu2oFQqivYqvn7k/hf_20260923_145214_4d62bc80-b6d1-4255-a82e-54e85f5981be.png
17315	https://d8j0ntlcm91z4.cloudfront.net/user_3GD1yS6zlj6afu2oFQqivYqvn7k/hf_20260923_145215_803f17a7-80be-46f6-ae3a-034d35132fc8.png
17316	https://d8j0ntlcm91z4.cloudfront.net/user_3GD1yS6zlj6afu2oFQqivYqvn7k/hf_20260923_145215_9319b356-9399-4701-b010-345a90cabcf6.png
17317	https://d8j0ntlcm91z4.cloudfront.net/user_3GD1yS6zlj6afu2oFQqivYqvn7k/hf_20260923_145215_f11a01c8-ea94-4ca1-ac5e-6dd0f6c1a199.png
17318	https://d8j0ntlcm91z4.cloudfront.net/user_3GD1yS6zlj6afu2oFQqivYqvn7k/hf_20260923_145215_508d5811-65dd-4fc9-ac1d-09771a36e056.png
17319	https://d8j0ntlcm91z4.cloudfront.net/user_3GD1yS6zlj6afu2oFQqivYqvn7k/hf_20260923_145214_db265ed6-976f-432f-8557-c6e90b588a92.png
17320	https://d8j0ntlcm91z4.cloudfront.net/user_3GD1yS6zlj6afu2oFQqivYqvn7k/hf_20260923_145215_1e5c6bcf-7a54-4b83-931d-3a7d19dba97c.png
17321	https://d8j0ntlcm91z4.cloudfront.net/user_3GD1yS6zlj6afu2oFQqivYqvn7k/hf_20260923_145214_5b821af7-66f1-450d-bd94-8895e4f45462.png
17322	https://d8j0ntlcm91z4.cloudfront.net/user_3GD1yS6zlj6afu2oFQqivYqvn7k/hf_20260923_145214_ae210264-5acf-470f-ac44-e2240a8411d3.png
17323	https://d8j0ntlcm91z4.cloudfront.net/user_3GD1yS6zlj6afu2oFQqivYqvn7k/hf_20260923_145214_938a9584-9328-4cec-858c-d55cf3748b29.png
17324	https://d8j0ntlcm91z4.cloudfront.net/user_3GD1yS6zlj6afu2oFQqivYqvn7k/hf_20260923_145214_361bf0aa-2728-4ccf-a7c6-60baa21fac0c.png
17325	https://d8j0ntlcm91z4.cloudfront.net/user_3GD1yS6zlj6afu2oFQqivYqvn7k/hf_20260923_145246_550ebd88-52dd-45d9-9aba-d94d847524d8.png
17326	https://d8j0ntlcm91z4.cloudfront.net/user_3GD1yS6zlj6afu2oFQqivYqvn7k/hf_20260923_145244_cefcc6a3-819b-45fd-b778-ac3fe620dfc9.png
17327	https://d8j0ntlcm91z4.cloudfront.net/user_3GD1yS6zlj6afu2oFQqivYqvn7k/hf_20260923_145245_78ede613-79e6-43e0-b2b6-8473d6a75f12.png
17328	https://d8j0ntlcm91z4.cloudfront.net/user_3GD1yS6zlj6afu2oFQqivYqvn7k/hf_20260923_145245_2a4d749c-43fe-4440-a464-746ce48f02d4.png
17329	https://d8j0ntlcm91z4.cloudfront.net/user_3GD1yS6zlj6afu2oFQqivYqvn7k/hf_20260923_145245_68769012-4bf9-42e6-a01b-0c45a06377c6.png
17330	https://d8j0ntlcm91z4.cloudfront.net/user_3GD1yS6zlj6afu2oFQqivYqvn7k/hf_20260923_145246_ad411e32-9cb4-4ef9-af8d-c0e55150388d.png
17331	https://d8j0ntlcm91z4.cloudfront.net/user_3GD1yS6zlj6afu2oFQqivYqvn7k/hf_20260923_145245_9e541382-6219-4a97-95d4-f3ccfef988f9.png
17332	https://d8j0ntlcm91z4.cloudfront.net/user_3GD1yS6zlj6afu2oFQqivYqvn7k/hf_20260923_145247_9f1c92dc-6edf-4b31-801b-09f0798e3b85.png
17333	https://d8j0ntlcm91z4.cloudfront.net/user_3GD1yS6zlj6afu2oFQqivYqvn7k/hf_20260923_145245_418656c8-78f0-4fd4-94dd-4cb96d29bb71.png
17334	https://d8j0ntlcm91z4.cloudfront.net/user_3GD1yS6zlj6afu2oFQqivYqvn7k/hf_20260923_145244_05219dae-e213-475d-b967-02768b070f80.png
17335	https://d8j0ntlcm91z4.cloudfront.net/user_3GD1yS6zlj6afu2oFQqivYqvn7k/hf_20260923_145245_6b5e4369-e343-4e43-916b-51d5aff20c83.png
17336	https://d8j0ntlcm91z4.cloudfront.net/user_3GD1yS6zlj6afu2oFQqivYqvn7k/hf_20260923_145245_91e4f173-0b55-41d6-a15d-a0c458b9c4de.png
17337	https://d8j0ntlcm91z4.cloudfront.net/user_3GD1yS6zlj6afu2oFQqivYqvn7k/hf_20260923_145315_cd460fa9-98a5-40af-8433-ade1ae0cb53a.png
17338	https://d8j0ntlcm91z4.cloudfront.net/user_3GD1yS6zlj6afu2oFQqivYqvn7k/hf_20260923_145313_4786eacd-2533-4160-a5a9-44235281549d.png
17339	https://d8j0ntlcm91z4.cloudfront.net/user_3GD1yS6zlj6afu2oFQqivYqvn7k/hf_20260923_145315_39d87aa0-693b-4eb7-a2ae-7c0c762d09a0.png
17340	https://d8j0ntlcm91z4.cloudfront.net/user_3GD1yS6zlj6afu2oFQqivYqvn7k/hf_20260923_145315_e1d90a93-6078-4225-85f2-ec4bf941cd14.png
17341	https://d8j0ntlcm91z4.cloudfront.net/user_3GD1yS6zlj6afu2oFQqivYqvn7k/hf_20260923_145317_32689d9d-dd5c-4d80-994c-e853cc321e08.png
17342	https://d8j0ntlcm91z4.cloudfront.net/user_3GD1yS6zlj6afu2oFQqivYqvn7k/hf_20260923_145316_26b20ca6-9686-4936-a1e4-a3b562b04e50.png
17343	https://d8j0ntlcm91z4.cloudfront.net/user_3GD1yS6zlj6afu2oFQqivYqvn7k/hf_20260923_150201_c1df6742-6ab1-4c8c-8637-866088f74d24.png
17344	https://d8j0ntlcm91z4.cloudfront.net/user_3GD1yS6zlj6afu2oFQqivYqvn7k/hf_20260923_145314_44c6de5f-5372-461b-a8d3-afc328f08952.png
17345	https://d8j0ntlcm91z4.cloudfront.net/user_3GD1yS6zlj6afu2oFQqivYqvn7k/hf_20260923_145314_5681dd1f-ee0b-4b9e-9fc5-1cb7de01d429.png
17346	https://d8j0ntlcm91z4.cloudfront.net/user_3GD1yS6zlj6afu2oFQqivYqvn7k/hf_20260923_145314_3ab35d43-4c4e-4f5e-b685-d18ed5587404.png
17347	https://d8j0ntlcm91z4.cloudfront.net/user_3GD1yS6zlj6afu2oFQqivYqvn7k/hf_20260923_145314_4bf0e02f-032a-48dc-905b-35bb5677a3b3.png
17348	https://d8j0ntlcm91z4.cloudfront.net/user_3GD1yS6zlj6afu2oFQqivYqvn7k/hf_20260923_145314_e3c4ea33-f988-4453-82d5-e9bb994e67aa.png
17349	https://d8j0ntlcm91z4.cloudfront.net/user_3GD1yS6zlj6afu2oFQqivYqvn7k/hf_20260923_145341_8ed0c381-5822-48a0-a020-b160b56d9561.png
17350	https://d8j0ntlcm91z4.cloudfront.net/user_3GD1yS6zlj6afu2oFQqivYqvn7k/hf_20260923_145343_64de75af-6578-4938-a858-4258bf036796.png
17351	https://d8j0ntlcm91z4.cloudfront.net/user_3GD1yS6zlj6afu2oFQqivYqvn7k/hf_20260923_145344_0d6708d7-5b58-45fb-8e3b-175e2b723f10.png
17352	https://d8j0ntlcm91z4.cloudfront.net/user_3GD1yS6zlj6afu2oFQqivYqvn7k/hf_20260923_145342_6c6b88eb-5464-4304-a379-ffd406733cfe.png
17353	https://d8j0ntlcm91z4.cloudfront.net/user_3GD1yS6zlj6afu2oFQqivYqvn7k/hf_20260923_145342_79175b09-6169-41af-9754-102b4c6f1e6f.png
17354	https://d8j0ntlcm91z4.cloudfront.net/user_3GD1yS6zlj6afu2oFQqivYqvn7k/hf_20260923_145343_e18425ff-ae67-40aa-b2e2-9669ac6fc271.png
17355	https://d8j0ntlcm91z4.cloudfront.net/user_3GD1yS6zlj6afu2oFQqivYqvn7k/hf_20260923_145342_331439d0-4885-4ba0-ab49-c97018e7b2c5.png
17356	https://d8j0ntlcm91z4.cloudfront.net/user_3GD1yS6zlj6afu2oFQqivYqvn7k/hf_20260923_145344_6bff8706-0ffb-418c-b6ad-95e3e5150853.png
17357	https://d8j0ntlcm91z4.cloudfront.net/user_3GD1yS6zlj6afu2oFQqivYqvn7k/hf_20260923_145342_8fbbec4c-7fa1-4a95-a1a8-ddf8a6152baa.png
17358	https://d8j0ntlcm91z4.cloudfront.net/user_3GD1yS6zlj6afu2oFQqivYqvn7k/hf_20260923_145343_f6997ea2-85fa-4f8e-9c7d-7bbc72177671.png
17359	https://d8j0ntlcm91z4.cloudfront.net/user_3GD1yS6zlj6afu2oFQqivYqvn7k/hf_20260923_145341_f7295404-c470-42d7-b855-0a97e3970e98.png
17360	https://d8j0ntlcm91z4.cloudfront.net/user_3GD1yS6zlj6afu2oFQqivYqvn7k/hf_20260923_145341_03a7ee9e-4146-4d96-a837-3c64ef2648be.png
17361	https://d8j0ntlcm91z4.cloudfront.net/user_3GD1yS6zlj6afu2oFQqivYqvn7k/hf_20260923_145413_f5e89a77-acc9-477a-9a71-cb97f626a3f4.png
17362	https://d8j0ntlcm91z4.cloudfront.net/user_3GD1yS6zlj6afu2oFQqivYqvn7k/hf_20260923_145413_075cd881-2079-4ee1-b196-6a1522ec4996.png
17363	https://d8j0ntlcm91z4.cloudfront.net/user_3GD1yS6zlj6afu2oFQqivYqvn7k/hf_20260923_145414_562d8ef3-adc7-4272-9efb-7e635dc718b6.png
17364	https://d8j0ntlcm91z4.cloudfront.net/user_3GD1yS6zlj6afu2oFQqivYqvn7k/hf_20260923_145413_d1a5c20b-3b1f-4b38-8878-ae6befaf6689.png
17365	https://d8j0ntlcm91z4.cloudfront.net/user_3GD1yS6zlj6afu2oFQqivYqvn7k/hf_20260923_145413_604ace4f-b25f-4c34-a5ef-d6fdac981c93.png
17366	https://d8j0ntlcm91z4.cloudfront.net/user_3GD1yS6zlj6afu2oFQqivYqvn7k/hf_20260923_145413_69307fc7-e4ad-4929-bc2b-df419fff3aad.png
17368	https://d8j0ntlcm91z4.cloudfront.net/user_3GD1yS6zlj6afu2oFQqivYqvn7k/hf_20260923_145413_94ff74cb-336f-4670-811a-7c2f39ec5457.png
17369	https://d8j0ntlcm91z4.cloudfront.net/user_3GD1yS6zlj6afu2oFQqivYqvn7k/hf_20260923_145412_b06439fb-77c2-4e52-b9c3-72347ad70fa6.png
17370	https://d8j0ntlcm91z4.cloudfront.net/user_3GD1yS6zlj6afu2oFQqivYqvn7k/hf_20260923_145413_00fb8d29-63e6-40e4-a3b3-c4ba771f4c60.png
17371	https://d8j0ntlcm91z4.cloudfront.net/user_3GD1yS6zlj6afu2oFQqivYqvn7k/hf_20260923_145413_b3aa4fe5-4686-48b5-b64a-8058988c6d3a.png
17372	https://d8j0ntlcm91z4.cloudfront.net/user_3GD1yS6zlj6afu2oFQqivYqvn7k/hf_20260923_145413_4c4aff92-eacb-43ef-89ff-9059e21626c8.png
17373	https://d8j0ntlcm91z4.cloudfront.net/user_3GD1yS6zlj6afu2oFQqivYqvn7k/hf_20260923_145413_2746964e-9902-4b85-9b8d-f4e32480ea6c.png
17374	https://d8j0ntlcm91z4.cloudfront.net/user_3GD1yS6zlj6afu2oFQqivYqvn7k/hf_20260923_145445_26484b4b-ab58-4491-a25d-ba4e4064e8de.png
17375	https://d8j0ntlcm91z4.cloudfront.net/user_3GD1yS6zlj6afu2oFQqivYqvn7k/hf_20260923_145445_cd195aae-f44d-4f25-8ac7-55650f8b52d3.png
17376	https://d8j0ntlcm91z4.cloudfront.net/user_3GD1yS6zlj6afu2oFQqivYqvn7k/hf_20260923_145444_de5be843-8285-4373-bbcd-437a58675e77.png
17377	https://d8j0ntlcm91z4.cloudfront.net/user_3GD1yS6zlj6afu2oFQqivYqvn7k/hf_20260923_145444_3806f9a6-7a61-4c58-be97-778c88ab98b5.png
17378	https://d8j0ntlcm91z4.cloudfront.net/user_3GD1yS6zlj6afu2oFQqivYqvn7k/hf_20260923_145445_b2f19712-16ea-43f5-85ed-e060c56c4c8c.png
17379	https://d8j0ntlcm91z4.cloudfront.net/user_3GD1yS6zlj6afu2oFQqivYqvn7k/hf_20260923_145444_cc78d4c6-f1c2-4d5f-857d-d64cccec3b47.png
17380	https://d8j0ntlcm91z4.cloudfront.net/user_3GD1yS6zlj6afu2oFQqivYqvn7k/hf_20260923_145445_848a4036-716c-4003-ad2a-9ff88669060d.png
17381	https://d8j0ntlcm91z4.cloudfront.net/user_3GD1yS6zlj6afu2oFQqivYqvn7k/hf_20260923_145444_706813a5-1a2d-42b8-a9ed-5b4c9bd3a7fe.png
17382	https://d8j0ntlcm91z4.cloudfront.net/user_3GD1yS6zlj6afu2oFQqivYqvn7k/hf_20260923_145445_565be543-c3b2-4936-b95d-e20224f6cba0.png
17383	https://d8j0ntlcm91z4.cloudfront.net/user_3GD1yS6zlj6afu2oFQqivYqvn7k/hf_20260923_145446_49250356-578a-42e3-8e28-2b23acb719ee.png
17384	https://d8j0ntlcm91z4.cloudfront.net/user_3GD1yS6zlj6afu2oFQqivYqvn7k/hf_20260923_145444_168acd93-23d1-41dd-8d99-2f95b981c1d6.png
17385	https://d8j0ntlcm91z4.cloudfront.net/user_3GD1yS6zlj6afu2oFQqivYqvn7k/hf_20260923_145445_48513c21-f8d2-4935-a647-93a221275aff.png
17386	https://d8j0ntlcm91z4.cloudfront.net/user_3GD1yS6zlj6afu2oFQqivYqvn7k/hf_20260923_145515_a35f416e-77fc-4572-be50-88066f7b548c.png
17387	https://d8j0ntlcm91z4.cloudfront.net/user_3GD1yS6zlj6afu2oFQqivYqvn7k/hf_20260923_145514_3d2522b1-a154-4475-a1ec-1cdc6b096786.png
17388	https://d8j0ntlcm91z4.cloudfront.net/user_3GD1yS6zlj6afu2oFQqivYqvn7k/hf_20260923_145514_f63d63e7-0d5f-4556-a24d-062fab2e648f.png
17389	https://d8j0ntlcm91z4.cloudfront.net/user_3GD1yS6zlj6afu2oFQqivYqvn7k/hf_20260923_145516_f6bc6049-e840-491c-8a5f-f3528e57aff5.png
17390	https://d8j0ntlcm91z4.cloudfront.net/user_3GD1yS6zlj6afu2oFQqivYqvn7k/hf_20260923_145513_87d38dc4-f396-4cd1-8cad-c9b504890ba8.png
17391	https://d8j0ntlcm91z4.cloudfront.net/user_3GD1yS6zlj6afu2oFQqivYqvn7k/hf_20260923_145513_682957d3-7044-4790-822e-3e86f8fe54c8.png
17392	https://d8j0ntlcm91z4.cloudfront.net/user_3GD1yS6zlj6afu2oFQqivYqvn7k/hf_20260923_145513_1dc332c2-8f0c-43e9-83cc-a78866cbaa71.png
17393	https://d8j0ntlcm91z4.cloudfront.net/user_3GD1yS6zlj6afu2oFQqivYqvn7k/hf_20260923_145513_4746e5bb-593c-4acc-9742-744573690b95.png
17394	https://d8j0ntlcm91z4.cloudfront.net/user_3GD1yS6zlj6afu2oFQqivYqvn7k/hf_20260923_145515_1655618c-d422-4d8e-9452-c337c8e43f8e.png
17395	https://d8j0ntlcm91z4.cloudfront.net/user_3GD1yS6zlj6afu2oFQqivYqvn7k/hf_20260923_145513_4ac68206-f9a6-40bf-b2ec-5e36319a3053.png
17396	https://d8j0ntlcm91z4.cloudfront.net/user_3GD1yS6zlj6afu2oFQqivYqvn7k/hf_20260923_145514_147520cd-c57a-459b-b733-917ea3092eea.png
17397	https://d8j0ntlcm91z4.cloudfront.net/user_3GD1yS6zlj6afu2oFQqivYqvn7k/hf_20260923_145515_69e18147-84d6-4a70-b5d5-11f74dd72e42.png
17398	https://d8j0ntlcm91z4.cloudfront.net/user_3GD1yS6zlj6afu2oFQqivYqvn7k/hf_20260923_145541_833eeb7a-535d-4fc0-811e-d5fc1bf8ca91.png
17399	https://d8j0ntlcm91z4.cloudfront.net/user_3GD1yS6zlj6afu2oFQqivYqvn7k/hf_20260923_145541_2aae1fbd-aa02-467b-856a-0a57e6a51a83.png
17400	https://d8j0ntlcm91z4.cloudfront.net/user_3GD1yS6zlj6afu2oFQqivYqvn7k/hf_20260923_145541_8cfb18b4-abf0-4e6c-b6d2-f0c541c7fb5b.png
17401	https://d8j0ntlcm91z4.cloudfront.net/user_3GD1yS6zlj6afu2oFQqivYqvn7k/hf_20260923_145542_cb026898-b51e-4f08-b21c-5ec2050e6195.png
17402	https://d8j0ntlcm91z4.cloudfront.net/user_3GD1yS6zlj6afu2oFQqivYqvn7k/hf_20260923_145542_7db4620b-477c-486e-b692-21f6d78ec48e.png
17403	https://d8j0ntlcm91z4.cloudfront.net/user_3GD1yS6zlj6afu2oFQqivYqvn7k/hf_20260923_145540_e3f59fd9-b0eb-44e1-9cb4-7a0c5f3cf1af.png
17404	https://d8j0ntlcm91z4.cloudfront.net/user_3GD1yS6zlj6afu2oFQqivYqvn7k/hf_20260923_145541_a8e9eaf8-b83a-4d7e-9178-81ef857c7b27.png
