번호,방,켠 사람,수업 시각(KST),길이(분),크기(MB),만료일 (삭제는 다음 새벽 03:00),R2 파일키,판정
724,mangoi-class,jang,2026-06-10 01:39:24,10.9,102.18,2026-09-08,있음,영상 있음
1035,mangoi-class,김민수,2026-06-28 00:52:09,5.4,51.06,2026-09-26,있음,영상 있음
825,mangoi-class,홍길동,2026-06-19 13:09:14,5.3,45.25,2026-09-17,있음,영상 있음
725,mangoi-class,jang,2026-06-10 01:50:47,4.6,43.48,2026-09-08,있음,영상 있음
1045,mangoi-class,김민수,2026-06-28 13:06:07,4.6,40.93,2026-09-26,있음,영상 있음
1038,mangoi-class,김민수,2026-06-28 01:20:19,4.3,39.94,2026-09-26,있음,영상 있음
1032,mangoi-class,김민수,2026-06-27 23:56:00,3.7,33.61,2026-09-25,있음,영상 있음
740,mangoi-class,홍길동,2026-06-13 19:36:48,3.6,30.88,2026-09-11,있음,영상 있음
702,mangoi-class,홍길동,2026-06-08 18:23:55,3.0,28.52,2026-09-06,있음,영상 있음
1021,mangoi-class,김민수,2026-06-27 23:07:18,2.7,24.32,2026-09-25,있음,영상 있음
771,mangoi-class,홍길동,2026-06-15 21:50:07,2.7,22.23,2026-09-13,있음,영상 있음
657,mangoi-class,홍길동,2026-06-06 05:52:29,3.4,18.16,2026-09-04,있음,영상 있음
899,mangoi-class,홍길동,2026-06-24 15:51:36,6.3,17.39,2026-09-22,있음,영상 있음
1068,mangoi-class,이병엽,2026-06-30 13:12:13,1.9,16.26,2026-09-28,있음,영상 있음
760,mangoi-class,lee,2026-06-15 18:30:32,10.0,15.57,2026-09-13,있음,영상 있음
774,mangoi-class,홍길동,2026-06-15 22:02:25,1.5,14.38,2026-09-13,있음,영상 있음
741,mangoi-class,홍길동,2026-06-13 20:15:18,1.4,13.8,2026-09-11,있음,영상 있음
794,mangoi-class,lemuel,2026-06-16 23:35:08,2.1,13.33,2026-09-14,있음,영상 있음
866,mangoi-class,홍길동,2026-06-20 15:28:09,1.3,12.51,2026-09-18,있음,영상 있음
715,mangoi-class,홍길동,2026-06-08 19:21:23,3.2,12.35,2026-09-06,있음,영상 있음
993,mangoi-class,김민수,2026-06-27 14:35:21,11.5,11.7,2026-09-25,있음,영상 있음
904,mangoi-class,홍길동,2026-06-24 16:35:18,2.1,11.68,2026-09-22,있음,영상 있음
877,mangoi-class,홍길동,2026-06-22 19:11:03,1.2,11.55,2026-09-20,있음,영상 있음
980,mangoi-class,김민수,2026-06-27 02:22:35,1.3,11.54,2026-09-25,있음,영상 있음
934,mangoi-class,김민수,2026-06-26 15:31:00,1.4,11.42,2026-09-24,있음,영상 있음
882,mangoi-class,홍길동,2026-06-22 19:36:27,1.3,11.39,2026-09-20,있음,영상 있음
881,mangoi-class,홍길동,2026-06-22 19:34:23,1.7,11.35,2026-09-20,있음,영상 있음
668,mangoi-class,홍길동,2026-06-06 06:22:00,1.7,11.22,2026-09-04,있음,영상 있음
651,mangoi-class,홍길동,2026-06-06 00:55:45,1.4,11.21,2026-09-04,있음,영상 있음
842,mangoi-class,홍길동,2026-06-19 19:52:20,2.2,10.95,2026-09-17,있음,영상 있음
798,mangoi-class,lemuel,2026-06-16 23:59:02,2.2,10.91,2026-09-14,있음,영상 있음
829,mangoi-class,홍길동,2026-06-19 13:26:18,1.7,10.75,2026-09-17,있음,영상 있음
796,mangoi-class,lemuel,2026-06-16 23:37:57,2.2,10.46,2026-09-14,있음,영상 있음
1025,mangoi-class,김민수,2026-06-27 23:38:34,1.0,9.24,2026-09-25,있음,영상 있음
839,mangoi-class,홍길동,2026-06-19 14:13:08,5.9,8.9,2026-09-17,있음,영상 있음
810,mangoi-class,홍길동,2026-06-17 23:40:54,2.0,8.4,2026-09-15,있음,영상 있음
1065,mangoi-class,이병엽,2026-06-30 04:27:56,1.2,7.64,2026-09-28,있음,영상 있음
1046,mangoi-class,김민수,2026-06-28 13:13:25,0.8,7.35,2026-09-26,있음,영상 있음
964,mangoi-class,김민수,2026-06-26 22:48:41,1.4,7.18,2026-09-24,있음,영상 있음
670,mangoi-class,홍길동,2026-06-06 07:02:27,0.7,6.23,2026-09-04,있음,영상 있음
952,mangoi-class,김민수,2026-06-26 18:04:24,0.9,5.85,2026-09-24,있음,영상 있음
1001,mangoi-class,김민수,2026-06-27 18:55:41,0.7,5.82,2026-09-25,있음,영상 있음
919,mangoi-class,홍길동,2026-06-25 23:15:46,0.9,5.82,2026-09-23,있음,영상 있음
990,mangoi-class,박서연,2026-06-27 14:31:44,0.9,5.8,2026-09-25,있음,영상 있음
996,mangoi-class,김민수,2026-06-27 14:49:44,0.7,5.8,2026-09-25,있음,영상 있음
1033,mangoi-class,김민수,2026-06-28 00:09:56,1.1,5.79,2026-09-26,있음,영상 있음
727,mangoi-class,jang,2026-06-10 02:14:04,1.2,5.79,2026-09-08,있음,영상 있음
909,mangoi-class,홍길동,2026-06-24 18:05:59,0.8,5.77,2026-09-22,있음,영상 있음
836,mangoi-class,홍길동,2026-06-19 13:54:59,1.1,5.72,2026-09-17,있음,영상 있음
1018,mangoi-class,김민수,2026-06-27 22:47:18,1.1,5.72,2026-09-25,있음,영상 있음
1007,mangoi-class,박서연,2026-06-27 19:03:07,0.6,5.72,2026-09-25,있음,영상 있음
861,mangoi-class,홍길동,2026-06-20 03:57:59,0.9,5.69,2026-09-18,있음,영상 있음
664,mangoi-class,홍길동,2026-06-06 06:06:15,1.1,5.69,2026-09-04,있음,영상 있음
935,mangoi-class,김민수,2026-06-26 15:33:51,1.0,5.68,2026-09-24,있음,영상 있음
698,mangoi-class,교사 정우영(교사),2026-06-08 18:15:32,1.2,5.67,2026-09-06,있음,영상 있음
817,mangoi-class,홍길동,2026-06-19 12:46:03,1.2,5.62,2026-09-17,있음,영상 있음
800,mangoi-class,lemuel,2026-06-17 00:16:58,1.3,5.57,2026-09-15,있음,영상 있음
929,mangoi-class,김민수,2026-06-26 14:34:04,1.1,5.57,2026-09-24,있음,영상 있음
837,mangoi-class,홍길동,2026-06-19 14:10:02,0.8,5.56,2026-09-17,있음,영상 있음
832,mangoi-class,홍길동,2026-06-19 13:38:24,0.8,5.56,2026-09-17,있음,영상 있음
830,mangoi-class,홍길동,2026-06-19 13:29:18,0.8,5.5,2026-09-17,있음,영상 있음
843,mangoi-class,이병엽,2026-06-19 22:35:51,1.1,5.46,2026-09-17,있음,영상 있음
938,mangoi-class,교사 교사,2026-06-26 15:40:36,1.0,5.46,2026-09-24,있음,영상 있음
863,mangoi-class,홍길동,2026-06-20 04:30:54,0.8,5.43,2026-09-18,있음,영상 있음
840,mangoi-class,홍길동,2026-06-19 14:20:58,0.7,5.3,2026-09-17,있음,영상 있음
821,mangoi-class,홍길동,2026-06-19 12:54:01,3.6,5.28,2026-09-17,있음,영상 있음
713,mangoi-class,장지웅,2026-06-08 18:43:56,2.1,5.27,2026-09-06,있음,영상 있음
1023,mangoi-class,김민수,2026-06-27 23:28:30,0.6,5.22,2026-09-25,있음,영상 있음
895,mangoi-class,lee,2026-06-24 13:39:08,2.7,5.2,2026-09-22,있음,영상 있음
896,mangoi-class,lee,2026-06-24 13:52:42,3.1,5.16,2026-09-22,있음,영상 있음
696,mangoi-class,lemuel,2026-06-08 18:12:31,2.2,5.15,2026-09-06,있음,영상 있음
708,mangoi-class,교사 정우영(교사),2026-06-08 18:31:11,2.3,5.08,2026-09-06,있음,영상 있음
822,mangoi-class,홍길동,2026-06-19 12:58:18,0.8,5.08,2026-09-17,있음,영상 있음
769,mangoi-class,홍길동,2026-06-15 20:59:22,1.1,5.06,2026-09-13,있음,영상 있음
731,mangoi-class,jang,2026-06-10 15:44:29,0.8,5.06,2026-09-08,있음,영상 있음
671,mangoi-class,홍길동,2026-06-06 07:27:48,0.7,5.05,2026-09-04,있음,영상 있음
666,mangoi-class,홍길동,2026-06-06 06:13:46,0.8,5.05,2026-09-04,있음,영상 있음
927,mangoi-class,김민수,2026-06-25 23:48:47,0.7,5.02,2026-09-23,있음,영상 있음
1029,mangoi-class,박서연,2026-06-27 23:45:18,0.8,5.0,2026-09-25,있음,영상 있음
710,mangoi-class,장지웅,2026-06-08 18:32:01,2.2,5.0,2026-09-06,있음,영상 있음
813,mangoi-class,홍길동,2026-06-19 04:49:19,9.9,4.98,2026-09-17,있음,영상 있음
748,mangoi-class,홍길동,2026-06-15 17:21:04,1.1,4.84,2026-09-13,있음,영상 있음
967,mangoi-class,홍길동,2026-06-26 23:26:51,0.6,4.73,2026-09-24,있음,영상 있음
982,mangoi-class,김민수,2026-06-27 02:25:00,5.0,3.59,2026-09-25,있음,영상 있음
992,mangoi-class,김민수,2026-06-27 14:34:26,0.3,2.95,2026-09-25,있음,영상 있음
1066,mangoi-class,이병엽,2026-06-30 04:30:02,0.4,2.57,2026-09-28,있음,영상 있음
655,mangoi-class,홍길동,2026-06-06 05:32:11,0.3,2.39,2026-09-04,있음,영상 있음
858,mangoi-class,홍길동,2026-06-20 03:41:21,0.3,2.21,2026-09-18,있음,영상 있음
749,mangoi-class,이지민,2026-06-15 17:29:50,0.3,2.18,2026-09-13,있음,영상 있음
1036,mangoi-class,김민수,2026-06-28 01:00:31,0.2,1.93,2026-09-26,있음,영상 있음
856,mangoi-class,홍길동,2026-06-20 03:29:13,0.2,1.9,2026-09-18,있음,영상 있음
868,mangoi-class,교사 교사,2026-06-22 17:29:48,0.2,1.66,2026-09-20,있음,영상 있음
1004,mangoi-class,김민수,2026-06-27 19:00:26,0.2,1.62,2026-09-25,있음,영상 있음
646,mangoi-class,홍길동,2026-06-05 22:24:21,0.2,1.58,2026-09-03,있음,영상 있음
898,mangoi-class,홍길동,2026-06-24 15:23:36,0.2,1.32,2026-09-22,있음,영상 있음
672,mangoi-class,홍길동,2026-06-06 22:45:42,0.1,1.05,2026-09-04,있음,영상 있음
746,mangoi-class,홍길동,2026-06-15 16:19:19,0.1,1.04,2026-09-13,있음,영상 있음
867,mangoi-class,교사 교사,2026-06-22 17:27:06,0.1,1.02,2026-09-20,있음,영상 있음
855,mangoi-class,홍길동,2026-06-20 03:28:59,0.2,0.93,2026-09-18,있음,조각만 (1MB 미만)
750,mangoi-class,lee,2026-06-15 17:49:31,0.2,0.92,2026-09-13,있음,조각만 (1MB 미만)
1005,mangoi-class,김민수,2026-06-27 19:00:55,0.1,0.84,2026-09-25,있음,조각만 (1MB 미만)
826,mangoi-class,홍길동,2026-06-19 13:14:33,0.1,0.8,2026-09-17,있음,조각만 (1MB 미만)
677,mangoi-class,홍길동,2026-06-08 04:24:42,0.1,0.73,2026-09-06,있음,조각만 (1MB 미만)
812,mangoi-class,홍길동,2026-06-19 04:48:58,0.1,0.67,2026-09-17,있음,조각만 (1MB 미만)
974,mangoi-class,김민수,2026-06-27 02:13:58,0.1,0.56,2026-09-25,있음,조각만 (1MB 미만)
955,mangoi-class,정우영,2026-06-26 18:57:29,0.2,0.55,2026-09-24,있음,조각만 (1MB 미만)
686,mangoi-class,장지웅,2026-06-08 05:38:50,0.1,0.54,2026-09-06,있음,조각만 (1MB 미만)
703,mangoi-class,lemuel,2026-06-08 18:25:21,0.3,0.52,2026-09-06,있음,조각만 (1MB 미만)
910,mangoi-class,홍길동,2026-06-24 18:07:05,0.1,0.51,2026-09-22,있음,조각만 (1MB 미만)
893,mangoi-class,이병엽,2026-06-24 10:00:36,0.3,0.49,2026-09-22,있음,조각만 (1MB 미만)
745,mangoi-class,홍길동,2026-06-15 15:47:09,0.1,0.49,2026-09-13,있음,조각만 (1MB 미만)
860,mangoi-class,홍길동,2026-06-20 03:57:53,0.1,0.48,2026-09-18,있음,조각만 (1MB 미만)
682,mangoi-class,교사 정우영(교사),2026-06-08 04:44:12,0.0,0.32,2026-09-06,있음,조각만 (1MB 미만)
995,mangoi-class,김민수,2026-06-27 14:49:36,0.0,0.21,2026-09-25,있음,조각만 (1MB 미만)
1067,mangoi-class,정우영,2026-06-30 04:39:18,0.2,0.11,2026-09-28,있음,조각만 (1MB 미만)
647,mangoi-class,교사 정우영,2026-06-05 23:01:39,0.0,0.0,2026-09-03,있음,빈 기록 (0초·0바이트)
648,mangoi-class,홍길동,2026-06-05 23:01:56,0.0,0.0,2026-09-03,있음,빈 기록 (0초·0바이트)
649,mangoi-class,홍길동,2026-06-06 00:31:36,0.0,0.0,2026-09-04,있음,빈 기록 (0초·0바이트)
650,mangoi-class,홍길동,2026-06-06 00:40:20,0.0,0.0,2026-09-04,있음,빈 기록 (0초·0바이트)
652,mangoi-class,홍길동,2026-06-06 01:02:02,0.0,0.0,2026-09-04,있음,빈 기록 (0초·0바이트)
653,mangoi-class,홍길동,2026-06-06 03:42:14,0.0,0.0,2026-09-04,있음,빈 기록 (0초·0바이트)
654,mangoi-class,홍길동,2026-06-06 05:31:39,0.0,0.0,2026-09-04,있음,빈 기록 (0초·0바이트)
656,mangoi-class,홍길동,2026-06-06 05:34:42,0.0,0.0,2026-09-04,있음,빈 기록 (0초·0바이트)
658,mangoi-class,홍길동,2026-06-06 05:56:16,0.0,0.0,2026-09-04,있음,빈 기록 (0초·0바이트)
659,mangoi-class,홍길동,2026-06-06 05:59:40,0.0,0.0,2026-09-04,있음,빈 기록 (0초·0바이트)
660,mangoi-class,홍길동,2026-06-06 06:01:43,0.0,0.0,2026-09-04,있음,빈 기록 (0초·0바이트)
661,mangoi-class,홍길동,2026-06-06 06:02:17,0.0,0.0,2026-09-04,있음,빈 기록 (0초·0바이트)
662,mangoi-class,홍길동,2026-06-06 06:02:40,0.0,0.0,2026-09-04,있음,빈 기록 (0초·0바이트)
663,mangoi-class,홍길동,2026-06-06 06:03:34,0.0,0.0,2026-09-04,있음,빈 기록 (0초·0바이트)
665,mangoi-class,홍길동,2026-06-06 06:07:24,0.0,0.0,2026-09-04,있음,빈 기록 (0초·0바이트)
667,mangoi-class,홍길동,2026-06-06 06:14:43,0.0,0.0,2026-09-04,있음,빈 기록 (0초·0바이트)
669,mangoi-class,홍길동,2026-06-06 06:31:13,0.0,0.0,2026-09-04,있음,빈 기록 (0초·0바이트)
673,mangoi-class,홍길동,2026-06-06 22:46:42,0.0,0.0,2026-09-04,있음,빈 기록 (0초·0바이트)
674,mangoi-class,홍길동,2026-06-06 22:49:14,0.0,0.0,2026-09-04,있음,빈 기록 (0초·0바이트)
675,mangoi-class,홍길동,2026-06-07 00:51:39,0.0,0.0,2026-09-05,있음,빈 기록 (0초·0바이트)
676,mangoi-class,홍길동,2026-06-08 04:09:00,0.0,0.0,2026-09-06,있음,빈 기록 (0초·0바이트)
678,mangoi-class,홍길동,2026-06-08 04:31:22,0.0,0.0,2026-09-06,있음,빈 기록 (0초·0바이트)
679,mangoi-class,교사 정우영(교사),2026-06-08 04:34:32,0.0,0.0,2026-09-06,있음,빈 기록 (0초·0바이트)
680,mangoi-class,홍길동,2026-06-08 04:35:39,0.0,0.0,2026-09-06,있음,빈 기록 (0초·0바이트)
681,mangoi-class,홍길동,2026-06-08 04:37:03,0.0,0.0,2026-09-06,있음,빈 기록 (0초·0바이트)
683,mangoi-class,장지웅,2026-06-08 04:47:37,0.0,0.0,2026-09-06,있음,빈 기록 (0초·0바이트)
684,mangoi-class,교사 정우영(교사),2026-06-08 04:48:40,0.0,0.0,2026-09-06,있음,빈 기록 (0초·0바이트)
685,mangoi-class,교사 정우영(교사),2026-06-08 04:49:00,0.0,0.0,2026-09-06,있음,빈 기록 (0초·0바이트)
687,mangoi-class,장지웅,2026-06-08 05:48:55,0.0,0.0,2026-09-06,있음,빈 기록 (0초·0바이트)
688,mangoi-class,lee,2026-06-08 05:50:49,0.0,0.0,2026-09-06,있음,빈 기록 (0초·0바이트)
689,mangoi-class,lee,2026-06-08 17:23:43,0.0,0.0,2026-09-06,있음,빈 기록 (0초·0바이트)
690,mangoi-class,lee,2026-06-08 17:51:06,0.0,0.0,2026-09-06,있음,빈 기록 (0초·0바이트)
691,mangoi-class,lee,2026-06-08 17:52:15,0.0,0.0,2026-09-06,있음,빈 기록 (0초·0바이트)
692,mangoi-class,lee,2026-06-08 18:02:13,0.0,0.0,2026-09-06,있음,빈 기록 (0초·0바이트)
693,mangoi-class,lee,2026-06-08 18:05:17,0.0,0.0,2026-09-06,있음,빈 기록 (0초·0바이트)
694,mangoi-class,lemuel,2026-06-08 18:05:35,0.0,0.0,2026-09-06,있음,빈 기록 (0초·0바이트)
695,mangoi-class,장지웅,2026-06-08 18:11:59,0.0,0.0,2026-09-06,있음,빈 기록 (0초·0바이트)
697,mangoi-class,장지웅,2026-06-08 18:13:59,0.0,0.0,2026-09-06,있음,빈 기록 (0초·0바이트)
699,mangoi-class,교사 정우영(교사),2026-06-08 18:17:52,0.0,0.0,2026-09-06,있음,빈 기록 (0초·0바이트)
700,mangoi-class,lemuel,2026-06-08 18:21:45,0.0,0.0,2026-09-06,있음,빈 기록 (0초·0바이트)
701,mangoi-class,홍길동,2026-06-08 18:21:55,0.0,0.0,2026-09-06,있음,빈 기록 (0초·0바이트)
704,mangoi-class,lemuel,2026-06-08 18:25:39,0.0,0.0,2026-09-06,없음,빈 기록 (0초·0바이트)
705,mangoi-class,lemuel,2026-06-08 18:29:21,0.0,0.0,2026-09-06,있음,빈 기록 (0초·0바이트)
706,mangoi-class,홍길동,2026-06-08 18:29:47,0.0,0.0,2026-09-06,있음,빈 기록 (0초·0바이트)
707,mangoi-class,교사 정우영(교사),2026-06-08 18:30:12,0.0,0.0,2026-09-06,있음,빈 기록 (0초·0바이트)
709,mangoi-class,홍길동,2026-06-08 18:31:51,0.0,0.0,2026-09-06,있음,빈 기록 (0초·0바이트)
711,mangoi-class,교사 정우영(교사),2026-06-08 18:33:34,0.0,0.0,2026-09-06,있음,빈 기록 (0초·0바이트)
712,mangoi-class,교사 정우영(교사),2026-06-08 18:33:54,0.0,0.0,2026-09-06,있음,빈 기록 (0초·0바이트)
714,mangoi-class,홍길동,2026-06-08 19:20:30,0.0,0.0,2026-09-06,있음,빈 기록 (0초·0바이트)
716,mangoi-class,교사 정우영(교사),2026-06-08 19:27:54,0.0,0.0,2026-09-06,있음,빈 기록 (0초·0바이트)
717,mangoi-class,교사 정우영(교사),2026-06-08 19:58:05,0.0,0.0,2026-09-06,있음,빈 기록 (0초·0바이트)
718,mangoi-class,jang,2026-06-08 19:58:37,0.0,0.0,2026-09-06,있음,빈 기록 (0초·0바이트)
719,mangoi-class,교사 정우영(교사),2026-06-08 20:44:29,0.0,0.0,2026-09-06,있음,빈 기록 (0초·0바이트)
720,mangoi-class,jang,2026-06-08 20:45:25,0.0,0.0,2026-09-06,있음,빈 기록 (0초·0바이트)
721,mangoi-class,jang,2026-06-08 20:54:34,0.0,0.0,2026-09-06,있음,빈 기록 (0초·0바이트)
722,mangoi-class,홍길동,2026-06-08 20:55:41,0.0,0.0,2026-09-06,있음,빈 기록 (0초·0바이트)
723,mangoi-class,jang,2026-06-10 01:23:47,0.0,0.0,2026-09-08,있음,빈 기록 (0초·0바이트)
726,mangoi-class,jang,2026-06-10 02:12:51,0.0,0.0,2026-09-08,있음,빈 기록 (0초·0바이트)
728,mangoi-class,이병엽,2026-06-10 13:14:49,0.0,0.0,2026-09-08,있음,빈 기록 (0초·0바이트)
729,mangoi-class,이병엽,2026-06-10 13:18:30,0.0,0.0,2026-09-08,있음,빈 기록 (0초·0바이트)
730,mangoi-class,jang,2026-06-10 15:35:06,0.0,0.0,2026-09-08,있음,빈 기록 (0초·0바이트)
732,mangoi-class,이병엽,2026-06-10 17:22:45,0.0,0.0,2026-09-08,있음,빈 기록 (0초·0바이트)
733,mangoi-class,홍길동,2026-06-11 05:12:09,0.0,0.0,2026-09-09,있음,빈 기록 (0초·0바이트)
734,mangoi-class,홍길동,2026-06-12 16:49:42,0.0,0.0,2026-09-10,있음,빈 기록 (0초·0바이트)
735,mangoi-class,홍길동,2026-06-12 16:50:27,0.0,0.0,2026-09-10,있음,빈 기록 (0초·0바이트)
736,mangoi-class,홍길동,2026-06-12 16:51:03,0.0,0.0,2026-09-10,있음,빈 기록 (0초·0바이트)
737,mangoi-class,jang,2026-06-12 18:29:17,0.0,0.0,2026-09-10,있음,빈 기록 (0초·0바이트)
738,mangoi-class,jang,2026-06-12 20:07:41,0.0,0.0,2026-09-10,있음,빈 기록 (0초·0바이트)
739,mangoi-class,홍길동,2026-06-13 14:42:53,0.0,0.0,2026-09-11,있음,빈 기록 (0초·0바이트)
742,mangoi-class,홍길동,2026-06-13 21:28:31,0.0,0.0,2026-09-11,있음,빈 기록 (0초·0바이트)
743,mangoi-class,홍길동,2026-06-14 22:56:51,0.0,0.0,2026-09-12,있음,빈 기록 (0초·0바이트)
744,mangoi-class,홍길동,2026-06-14 22:57:07,2.3,0.0,2026-09-12,있음,기록만 (파일 0바이트)
747,mangoi-class,lemuel,2026-06-15 17:01:27,0.0,0.0,2026-09-13,있음,빈 기록 (0초·0바이트)
751,mangoi-class,lee,2026-06-15 18:00:46,0.0,0.0,2026-09-13,있음,빈 기록 (0초·0바이트)
752,mangoi-class,교사 정우영(교사),2026-06-15 18:02:26,0.0,0.0,2026-09-13,있음,빈 기록 (0초·0바이트)
753,mangoi-class,장지웅,2026-06-15 18:10:03,0.0,0.0,2026-09-13,있음,빈 기록 (0초·0바이트)
754,mangoi-class,장지웅,2026-06-15 18:14:45,0.0,0.0,2026-09-13,있음,빈 기록 (0초·0바이트)
755,mangoi-class,장지웅,2026-06-15 18:16:54,0.0,0.0,2026-09-13,있음,빈 기록 (0초·0바이트)
756,mangoi-class,장지웅,2026-06-15 18:17:10,0.0,0.0,2026-09-13,있음,빈 기록 (0초·0바이트)
757,mangoi-class,교사 정우영(교사),2026-06-15 18:26:18,0.0,0.0,2026-09-13,있음,빈 기록 (0초·0바이트)
758,mangoi-class,장지웅,2026-06-15 18:28:09,0.0,0.0,2026-09-13,있음,빈 기록 (0초·0바이트)
759,mangoi-class,장지웅,2026-06-15 18:29:47,0.0,0.0,2026-09-13,없음,빈 기록 (0초·0바이트)
761,mangoi-class,장지웅,2026-06-15 18:31:25,0.0,0.0,2026-09-13,있음,빈 기록 (0초·0바이트)
762,mangoi-class,교사 정우영(교사),2026-06-15 18:40:59,0.0,0.0,2026-09-13,있음,빈 기록 (0초·0바이트)
763,mangoi-class,홍길동,2026-06-15 18:49:20,0.0,0.0,2026-09-13,있음,빈 기록 (0초·0바이트)
764,mangoi-class,jeong,2026-06-15 19:05:07,0.0,0.0,2026-09-13,있음,빈 기록 (0초·0바이트)
765,mangoi-class,홍길동,2026-06-15 19:50:23,0.0,0.0,2026-09-13,있음,빈 기록 (0초·0바이트)
766,mangoi-class,홍길동,2026-06-15 20:31:41,0.0,0.0,2026-09-13,있음,빈 기록 (0초·0바이트)
767,mangoi-class,홍길동,2026-06-15 20:54:29,0.0,0.0,2026-09-13,있음,빈 기록 (0초·0바이트)
768,mangoi-class,홍길동,2026-06-15 20:55:50,0.0,0.0,2026-09-13,있음,빈 기록 (0초·0바이트)
770,mangoi-class,홍길동,2026-06-15 21:49:34,0.0,0.0,2026-09-13,있음,빈 기록 (0초·0바이트)
772,mangoi-class,홍길동,2026-06-15 21:54:09,0.0,0.0,2026-09-13,없음,빈 기록 (0초·0바이트)
773,mangoi-class,홍길동,2026-06-15 21:54:28,0.0,0.0,2026-09-13,있음,빈 기록 (0초·0바이트)
775,mangoi-class,홍길동,2026-06-15 22:42:02,0.0,0.0,2026-09-13,있음,빈 기록 (0초·0바이트)
776,mangoi-class,홍길동,2026-06-15 22:42:27,0.0,0.0,2026-09-13,있음,빈 기록 (0초·0바이트)
777,mangoi-class,홍길동,2026-06-15 22:52:08,0.0,0.0,2026-09-13,있음,빈 기록 (0초·0바이트)
778,mangoi-class,홍길동,2026-06-15 23:02:33,0.0,0.0,2026-09-13,있음,빈 기록 (0초·0바이트)
779,mangoi-class,홍길동,2026-06-15 23:06:24,0.0,0.0,2026-09-13,있음,빈 기록 (0초·0바이트)
780,mangoi-class,홍길동,2026-06-15 23:07:22,0.0,0.0,2026-09-13,있음,빈 기록 (0초·0바이트)
781,mangoi-class,홍길동,2026-06-16 01:42:01,0.0,0.0,2026-09-14,있음,빈 기록 (0초·0바이트)
782,mangoi-class,홍길동,2026-06-16 02:39:19,0.0,0.0,2026-09-14,있음,빈 기록 (0초·0바이트)
783,mangoi-class,홍길동,2026-06-16 03:04:53,0.0,0.0,2026-09-14,있음,빈 기록 (0초·0바이트)
784,mangoi-class,홍길동,2026-06-16 03:29:07,0.0,0.0,2026-09-14,있음,빈 기록 (0초·0바이트)
785,mangoi-class,홍길동,2026-06-16 03:36:43,0.0,0.0,2026-09-14,있음,빈 기록 (0초·0바이트)
786,mangoi-class,홍길동,2026-06-16 03:50:08,0.0,0.0,2026-09-14,있음,빈 기록 (0초·0바이트)
787,mangoi-class,홍길동,2026-06-16 04:09:59,0.0,0.0,2026-09-14,있음,빈 기록 (0초·0바이트)
788,mangoi-class,홍길동,2026-06-16 04:27:16,0.0,0.0,2026-09-14,있음,빈 기록 (0초·0바이트)
789,mangoi-class,홍길동,2026-06-16 05:03:28,0.0,0.0,2026-09-14,있음,빈 기록 (0초·0바이트)
790,mangoi-class,홍길동,2026-06-16 05:21:13,0.0,0.0,2026-09-14,있음,빈 기록 (0초·0바이트)
791,mangoi-class,이병엽,2026-06-16 11:52:54,0.0,0.0,2026-09-14,있음,빈 기록 (0초·0바이트)
792,mangoi-class,홍길동,2026-06-16 14:37:33,0.0,0.0,2026-09-14,있음,빈 기록 (0초·0바이트)
793,mangoi-class,홍길동,2026-06-16 23:34:35,0.0,0.0,2026-09-14,있음,빈 기록 (0초·0바이트)
795,mangoi-class,홍길동,2026-06-16 23:37:44,0.0,0.0,2026-09-14,있음,빈 기록 (0초·0바이트)
797,mangoi-class,lemuel,2026-06-16 23:58:09,0.0,0.0,2026-09-14,있음,빈 기록 (0초·0바이트)
799,mangoi-class,lemuel,2026-06-17 00:11:30,0.0,0.0,2026-09-15,있음,빈 기록 (0초·0바이트)
801,mangoi-class,홍길동,2026-06-17 00:18:02,0.0,0.0,2026-09-15,있음,빈 기록 (0초·0바이트)
802,mangoi-class,lemuel,2026-06-17 00:18:36,0.0,0.0,2026-09-15,있음,빈 기록 (0초·0바이트)
803,mangoi-class,lemuel,2026-06-17 00:20:07,0.0,0.0,2026-09-15,있음,빈 기록 (0초·0바이트)
804,mangoi-class,lemuel,2026-06-17 00:21:12,0.0,0.0,2026-09-15,있음,빈 기록 (0초·0바이트)
805,mangoi-class,lemuel,2026-06-17 00:35:39,0.0,0.0,2026-09-15,있음,빈 기록 (0초·0바이트)
806,mangoi-class,lemuel,2026-06-17 00:37:20,0.0,0.0,2026-09-15,있음,빈 기록 (0초·0바이트)
807,mangoi-class,홍길동,2026-06-17 00:39:57,0.0,0.0,2026-09-15,있음,빈 기록 (0초·0바이트)
808,mangoi-class,lee,2026-06-17 14:30:27,0.0,0.0,2026-09-15,있음,빈 기록 (0초·0바이트)
809,mangoi-class,교사 정우영,2026-06-17 21:16:50,0.0,0.0,2026-09-15,있음,빈 기록 (0초·0바이트)
811,mangoi-class,홍길동,2026-06-19 04:47:57,0.0,0.0,2026-09-17,있음,빈 기록 (0초·0바이트)
814,mangoi-class,홍길동,2026-06-19 12:16:20,0.0,0.0,2026-09-17,있음,빈 기록 (0초·0바이트)
815,mangoi-class,홍길동,2026-06-19 12:20:07,0.0,0.0,2026-09-17,있음,빈 기록 (0초·0바이트)
816,mangoi-class,홍길동,2026-06-19 12:24:39,0.0,0.0,2026-09-17,있음,빈 기록 (0초·0바이트)
818,mangoi-class,홍길동,2026-06-19 12:47:34,0.0,0.0,2026-09-17,있음,빈 기록 (0초·0바이트)
819,mangoi-class,홍길동,2026-06-19 12:47:50,0.0,0.0,2026-09-17,있음,빈 기록 (0초·0바이트)
820,mangoi-class,홍길동,2026-06-19 12:52:17,0.0,0.0,2026-09-17,있음,빈 기록 (0초·0바이트)
823,mangoi-class,홍길동,2026-06-19 12:59:15,0.0,0.0,2026-09-17,있음,빈 기록 (0초·0바이트)
824,mangoi-class,홍길동,2026-06-19 13:03:22,0.0,0.0,2026-09-17,있음,빈 기록 (0초·0바이트)
827,mangoi-class,홍길동,2026-06-19 13:19:38,0.0,0.0,2026-09-17,있음,빈 기록 (0초·0바이트)
828,mangoi-class,홍길동,2026-06-19 13:21:04,0.0,0.0,2026-09-17,있음,빈 기록 (0초·0바이트)
831,mangoi-class,홍길동,2026-06-19 13:33:05,0.0,0.0,2026-09-17,있음,빈 기록 (0초·0바이트)
833,mangoi-class,홍길동,2026-06-19 13:43:16,0.0,0.0,2026-09-17,있음,빈 기록 (0초·0바이트)
834,mangoi-class,홍길동,2026-06-19 13:45:01,0.0,0.0,2026-09-17,있음,빈 기록 (0초·0바이트)
835,mangoi-class,홍길동,2026-06-19 13:46:12,0.0,0.0,2026-09-17,있음,빈 기록 (0초·0바이트)
838,mangoi-class,홍길동,2026-06-19 14:11:49,121.9,0.0,2026-09-17,있음,기록만 (파일 0바이트)
841,mangoi-class,홍길동,2026-06-19 19:48:58,0.0,0.0,2026-09-17,있음,빈 기록 (0초·0바이트)
844,mangoi-class,홍길동,2026-06-20 01:02:45,0.0,0.0,2026-09-18,있음,빈 기록 (0초·0바이트)
845,mangoi-class,홍길동,2026-06-20 01:09:11,0.0,0.0,2026-09-18,있음,빈 기록 (0초·0바이트)
846,mangoi-class,홍길동,2026-06-20 01:15:35,0.0,0.0,2026-09-18,있음,빈 기록 (0초·0바이트)
847,mangoi-class,홍길동,2026-06-20 01:24:10,0.0,0.0,2026-09-18,있음,빈 기록 (0초·0바이트)
848,mangoi-class,홍길동,2026-06-20 01:44:49,0.0,0.0,2026-09-18,있음,빈 기록 (0초·0바이트)
849,mangoi-class,홍길동,2026-06-20 01:45:28,0.0,0.0,2026-09-18,있음,빈 기록 (0초·0바이트)
850,mangoi-class,홍길동,2026-06-20 02:02:01,0.0,0.0,2026-09-18,있음,빈 기록 (0초·0바이트)
851,mangoi-class,홍길동,2026-06-20 02:13:10,0.0,0.0,2026-09-18,있음,빈 기록 (0초·0바이트)
852,mangoi-class,홍길동,2026-06-20 02:15:49,2.4,0.0,2026-09-18,있음,기록만 (파일 0바이트)
853,mangoi-class,홍길동,2026-06-20 03:00:39,0.0,0.0,2026-09-18,있음,빈 기록 (0초·0바이트)
854,mangoi-class,홍길동,2026-06-20 03:17:10,0.0,0.0,2026-09-18,있음,빈 기록 (0초·0바이트)
857,mangoi-class,홍길동,2026-06-20 03:32:31,0.0,0.0,2026-09-18,있음,빈 기록 (0초·0바이트)
859,mangoi-class,홍길동,2026-06-20 03:41:39,0.0,0.0,2026-09-18,있음,빈 기록 (0초·0바이트)
862,mangoi-class,홍길동,2026-06-20 04:29:13,0.0,0.0,2026-09-18,있음,빈 기록 (0초·0바이트)
864,mangoi-class,홍길동,2026-06-20 15:07:27,0.0,0.0,2026-09-18,있음,빈 기록 (0초·0바이트)
865,mangoi-class,홍길동,2026-06-20 15:08:09,0.0,0.0,2026-09-18,있음,빈 기록 (0초·0바이트)
869,mangoi-class,lee,2026-06-22 17:54:15,0.0,0.0,2026-09-20,있음,빈 기록 (0초·0바이트)
870,mangoi-class,lee,2026-06-22 18:01:10,0.0,0.0,2026-09-20,있음,빈 기록 (0초·0바이트)
871,mangoi-class,장지웅,2026-06-22 18:08:47,0.0,0.0,2026-09-20,있음,빈 기록 (0초·0바이트)
872,mangoi-class,장지웅,2026-06-22 18:09:05,0.0,0.0,2026-09-20,있음,빈 기록 (0초·0바이트)
873,mangoi-class,교사 교사,2026-06-22 18:10:01,0.0,0.0,2026-09-20,있음,빈 기록 (0초·0바이트)
874,mangoi-class,jeong,2026-06-22 18:11:13,0.0,0.0,2026-09-20,있음,빈 기록 (0초·0바이트)
875,mangoi-class,jang,2026-06-22 18:13:06,0.0,0.0,2026-09-20,있음,빈 기록 (0초·0바이트)
876,mangoi-class,장지웅,2026-06-22 18:13:25,0.0,0.0,2026-09-20,있음,빈 기록 (0초·0바이트)
878,mangoi-class,홍길동,2026-06-22 19:22:33,0.0,0.0,2026-09-20,있음,빈 기록 (0초·0바이트)
879,mangoi-class,홍길동,2026-06-22 19:23:19,0.0,0.0,2026-09-20,있음,빈 기록 (0초·0바이트)
880,mangoi-class,홍길동,2026-06-22 19:33:02,0.0,0.0,2026-09-20,있음,빈 기록 (0초·0바이트)
883,mangoi-class,홍길동,2026-06-22 19:38:04,0.0,0.0,2026-09-20,있음,빈 기록 (0초·0바이트)
884,mangoi-class,홍길동,2026-06-22 19:38:32,0.0,0.0,2026-09-20,있음,빈 기록 (0초·0바이트)
885,mangoi-class,홍길동,2026-06-22 19:55:46,0.0,0.0,2026-09-20,있음,빈 기록 (0초·0바이트)
886,mangoi-class,홍길동,2026-06-22 20:06:42,0.0,0.0,2026-09-20,있음,빈 기록 (0초·0바이트)
887,mangoi-class,홍길동,2026-06-22 20:17:52,0.0,0.0,2026-09-20,있음,빈 기록 (0초·0바이트)
888,mangoi-class,홍길동,2026-06-23 03:23:21,0.0,0.0,2026-09-21,있음,빈 기록 (0초·0바이트)
889,mangoi-class,홍길동,2026-06-23 15:18:58,0.0,0.0,2026-09-21,있음,빈 기록 (0초·0바이트)
890,mangoi-class,홍길동,2026-06-23 22:01:32,0.0,0.0,2026-09-21,있음,빈 기록 (0초·0바이트)
891,mangoi-class,홍길동,2026-06-23 22:23:06,0.0,0.0,2026-09-21,있음,빈 기록 (0초·0바이트)
892,mangoi-class,lee,2026-06-24 09:56:39,0.0,0.0,2026-09-22,있음,빈 기록 (0초·0바이트)
894,mangoi-class,lee,2026-06-24 10:01:39,0.0,0.0,2026-09-22,있음,빈 기록 (0초·0바이트)
897,mangoi-class,lee,2026-06-24 14:08:09,0.0,0.0,2026-09-22,있음,빈 기록 (0초·0바이트)
900,mangoi-class,홍길동,2026-06-24 16:22:02,0.0,0.0,2026-09-22,있음,빈 기록 (0초·0바이트)
901,mangoi-class,홍길동,2026-06-24 16:31:50,0.0,0.0,2026-09-22,있음,빈 기록 (0초·0바이트)
902,mangoi-class,홍길동,2026-06-24 16:32:25,0.0,0.0,2026-09-22,있음,빈 기록 (0초·0바이트)
903,mangoi-class,홍길동,2026-06-24 16:33:29,0.0,0.0,2026-09-22,있음,빈 기록 (0초·0바이트)
905,mangoi-class,홍길동,2026-06-24 16:37:36,0.0,0.0,2026-09-22,있음,빈 기록 (0초·0바이트)
906,mangoi-class,홍길동,2026-06-24 16:42:57,0.0,0.0,2026-09-22,있음,빈 기록 (0초·0바이트)
907,mangoi-class,홍길동,2026-06-24 16:50:54,0.0,0.0,2026-09-22,있음,빈 기록 (0초·0바이트)
908,mangoi-class,홍길동,2026-06-24 17:32:31,0.0,0.0,2026-09-22,있음,빈 기록 (0초·0바이트)
911,mangoi-class,jang,2026-06-24 22:40:57,0.0,0.0,2026-09-22,있음,빈 기록 (0초·0바이트)
912,mangoi-class,홍길동,2026-06-24 22:44:47,0.0,0.0,2026-09-22,있음,빈 기록 (0초·0바이트)
913,mangoi-class,홍길동,2026-06-24 22:45:01,0.0,0.0,2026-09-22,있음,빈 기록 (0초·0바이트)
914,mangoi-class,홍길동,2026-06-25 21:42:39,0.0,0.0,2026-09-23,있음,빈 기록 (0초·0바이트)
915,mangoi-class,홍길동,2026-06-25 21:43:55,0.0,0.0,2026-09-23,있음,빈 기록 (0초·0바이트)
916,mangoi-class,홍길동,2026-06-25 21:49:36,0.0,0.0,2026-09-23,있음,빈 기록 (0초·0바이트)
917,mangoi-class,홍길동,2026-06-25 21:58:01,0.0,0.0,2026-09-23,있음,빈 기록 (0초·0바이트)
918,mangoi-class,홍길동,2026-06-25 23:15:28,0.0,0.0,2026-09-23,있음,빈 기록 (0초·0바이트)
920,mangoi-class,김민수,2026-06-25 23:17:53,0.0,0.0,2026-09-23,있음,빈 기록 (0초·0바이트)
921,mangoi-class,김민수,2026-06-25 23:18:54,0.0,0.0,2026-09-23,있음,빈 기록 (0초·0바이트)
922,mangoi-class,김민수,2026-06-25 23:19:54,0.0,0.0,2026-09-23,있음,빈 기록 (0초·0바이트)
923,mangoi-class,김민수,2026-06-25 23:33:51,0.0,0.0,2026-09-23,있음,빈 기록 (0초·0바이트)
924,mangoi-class,김민수,2026-06-25 23:45:21,0.0,0.0,2026-09-23,있음,빈 기록 (0초·0바이트)
925,mangoi-class,김민수,2026-06-25 23:46:08,0.0,0.0,2026-09-23,있음,빈 기록 (0초·0바이트)
926,mangoi-class,김민수,2026-06-25 23:48:06,0.0,0.0,2026-09-23,있음,빈 기록 (0초·0바이트)
928,mangoi-class,김민수,2026-06-25 23:49:58,0.0,0.0,2026-09-23,있음,빈 기록 (0초·0바이트)
930,mangoi-class,김민수,2026-06-26 14:36:14,0.0,0.0,2026-09-24,있음,빈 기록 (0초·0바이트)
931,mangoi-class,김민수,2026-06-26 14:47:13,0.0,0.0,2026-09-24,있음,빈 기록 (0초·0바이트)
932,mangoi-class,김민수,2026-06-26 14:48:12,0.0,0.0,2026-09-24,있음,빈 기록 (0초·0바이트)
933,mangoi-class,김민수,2026-06-26 14:57:15,0.0,0.0,2026-09-24,있음,빈 기록 (0초·0바이트)
936,mangoi-class,김민수,2026-06-26 15:35:57,0.0,0.0,2026-09-24,있음,빈 기록 (0초·0바이트)
937,mangoi-class,김민수,2026-06-26 15:37:08,0.0,0.0,2026-09-24,있음,빈 기록 (0초·0바이트)
939,mangoi-class,김민수,2026-06-26 16:04:01,0.0,0.0,2026-09-24,있음,빈 기록 (0초·0바이트)
940,mangoi-class,김민수,2026-06-26 16:04:29,0.0,0.0,2026-09-24,있음,빈 기록 (0초·0바이트)
941,mangoi-class,김민수,2026-06-26 16:16:51,0.0,0.0,2026-09-24,있음,빈 기록 (0초·0바이트)
942,mangoi-class,김민수,2026-06-26 16:51:56,0.0,0.0,2026-09-24,있음,빈 기록 (0초·0바이트)
943,mangoi-class,김민수,2026-06-26 16:58:58,0.0,0.0,2026-09-24,있음,빈 기록 (0초·0바이트)
944,mangoi-class,김민수,2026-06-26 17:04:54,0.0,0.0,2026-09-24,있음,빈 기록 (0초·0바이트)
945,mangoi-class,김민수,2026-06-26 17:05:34,0.0,0.0,2026-09-24,있음,빈 기록 (0초·0바이트)
946,mangoi-class,김민수,2026-06-26 17:07:00,0.0,0.0,2026-09-24,있음,빈 기록 (0초·0바이트)
947,mangoi-class,김민수,2026-06-26 17:46:45,0.0,0.0,2026-09-24,있음,빈 기록 (0초·0바이트)
948,mangoi-class,김민수,2026-06-26 17:47:35,0.0,0.0,2026-09-24,있음,빈 기록 (0초·0바이트)
949,mangoi-class,김민수,2026-06-26 17:47:50,0.0,0.0,2026-09-24,있음,빈 기록 (0초·0바이트)
950,mangoi-class,김민수,2026-06-26 17:56:03,0.0,0.0,2026-09-24,있음,빈 기록 (0초·0바이트)
951,mangoi-class,김민수,2026-06-26 18:03:59,0.3,0.0,2026-09-24,있음,기록만 (파일 0바이트)
953,mangoi-class,김민수,2026-06-26 18:05:27,0.0,0.0,2026-09-24,있음,빈 기록 (0초·0바이트)
954,mangoi-class,김민수,2026-06-26 18:05:56,0.0,0.0,2026-09-24,있음,빈 기록 (0초·0바이트)
956,mangoi-class,김민수,2026-06-26 18:58:51,0.0,0.0,2026-09-24,있음,빈 기록 (0초·0바이트)
957,mangoi-class,김민수,2026-06-26 20:06:21,0.0,0.0,2026-09-24,있음,빈 기록 (0초·0바이트)
958,mangoi-class,김민수,2026-06-26 20:09:57,0.0,0.0,2026-09-24,있음,빈 기록 (0초·0바이트)
959,mangoi-class,김민수,2026-06-26 21:25:12,0.0,0.0,2026-09-24,있음,빈 기록 (0초·0바이트)
960,mangoi-class,김민수,2026-06-26 21:49:54,0.0,0.0,2026-09-24,있음,빈 기록 (0초·0바이트)
961,mangoi-class,김민수,2026-06-26 22:04:05,0.0,0.0,2026-09-24,있음,빈 기록 (0초·0바이트)
962,mangoi-class,김민수,2026-06-26 22:45:23,0.0,0.0,2026-09-24,있음,빈 기록 (0초·0바이트)
963,mangoi-class,김민수,2026-06-26 22:47:56,0.0,0.0,2026-09-24,있음,빈 기록 (0초·0바이트)
965,mangoi-class,김민수,2026-06-26 22:57:16,0.0,0.0,2026-09-24,있음,빈 기록 (0초·0바이트)
966,mangoi-class,김민수,2026-06-26 22:59:46,0.0,0.0,2026-09-24,있음,빈 기록 (0초·0바이트)
968,mangoi-class,홍길동,2026-06-26 23:27:51,0.0,0.0,2026-09-24,있음,빈 기록 (0초·0바이트)
969,mangoi-class,김민수,2026-06-27 01:46:39,0.0,0.0,2026-09-25,있음,빈 기록 (0초·0바이트)
970,mangoi-class,김민수,2026-06-27 02:10:57,0.0,0.0,2026-09-25,있음,빈 기록 (0초·0바이트)
971,mangoi-class,김민수,2026-06-27 02:11:14,0.0,0.0,2026-09-25,있음,빈 기록 (0초·0바이트)
972,mangoi-class,김민수,2026-06-27 02:11:41,0.0,0.0,2026-09-25,있음,빈 기록 (0초·0바이트)
973,mangoi-class,김민수,2026-06-27 02:13:36,0.0,0.0,2026-09-25,있음,빈 기록 (0초·0바이트)
975,mangoi-class,김민수,2026-06-27 02:14:56,0.0,0.0,2026-09-25,있음,빈 기록 (0초·0바이트)
976,mangoi-class,김민수,2026-06-27 02:16:15,0.0,0.0,2026-09-25,있음,빈 기록 (0초·0바이트)
977,mangoi-class,홍길동,2026-06-27 02:17:08,0.0,0.0,2026-09-25,있음,빈 기록 (0초·0바이트)
978,mangoi-class,홍길동,2026-06-27 02:18:43,0.0,0.0,2026-09-25,있음,빈 기록 (0초·0바이트)
979,mangoi-class,김민수,2026-06-27 02:20:58,0.0,0.0,2026-09-25,있음,빈 기록 (0초·0바이트)
981,mangoi-class,김민수,2026-06-27 02:24:09,0.0,0.0,2026-09-25,있음,빈 기록 (0초·0바이트)
983,mangoi-class,김민수,2026-06-27 02:36:09,0.0,0.0,2026-09-25,있음,빈 기록 (0초·0바이트)
984,mangoi-class,김민수,2026-06-27 02:36:56,0.0,0.0,2026-09-25,있음,빈 기록 (0초·0바이트)
985,mangoi-class,김민수,2026-06-27 02:57:17,0.0,0.0,2026-09-25,있음,빈 기록 (0초·0바이트)
986,mangoi-class,김민수,2026-06-27 13:52:25,0.0,0.0,2026-09-25,있음,빈 기록 (0초·0바이트)
987,mangoi-class,김민수,2026-06-27 13:54:20,0.0,0.0,2026-09-25,있음,빈 기록 (0초·0바이트)
988,mangoi-class,김민수,2026-06-27 13:57:54,0.0,0.0,2026-09-25,있음,빈 기록 (0초·0바이트)
989,mangoi-class,김민수,2026-06-27 14:03:19,0.0,0.0,2026-09-25,있음,빈 기록 (0초·0바이트)
991,mangoi-class,김민수,2026-06-27 14:33:14,0.0,0.0,2026-09-25,있음,빈 기록 (0초·0바이트)
994,mangoi-class,김민수,2026-06-27 14:37:36,0.0,0.0,2026-09-25,있음,빈 기록 (0초·0바이트)
997,mangoi-class,김민수,2026-06-27 15:04:50,0.0,0.0,2026-09-25,있음,빈 기록 (0초·0바이트)
998,mangoi-class,김민수,2026-06-27 18:20:20,0.0,0.0,2026-09-25,있음,빈 기록 (0초·0바이트)
999,mangoi-class,김민수,2026-06-27 18:21:38,0.0,0.0,2026-09-25,있음,빈 기록 (0초·0바이트)
1000,mangoi-class,김민수,2026-06-27 18:42:29,0.0,0.0,2026-09-25,있음,빈 기록 (0초·0바이트)
1002,mangoi-class,김민수,2026-06-27 18:57:45,0.0,0.0,2026-09-25,있음,빈 기록 (0초·0바이트)
1003,mangoi-class,김민수,2026-06-27 19:00:01,0.0,0.0,2026-09-25,있음,빈 기록 (0초·0바이트)
1006,mangoi-class,김민수,2026-06-27 19:01:18,0.0,0.0,2026-09-25,있음,빈 기록 (0초·0바이트)
1008,mangoi-class,김민수,2026-06-27 19:04:44,0.0,0.0,2026-09-25,있음,빈 기록 (0초·0바이트)
1009,mangoi-class,박서연,2026-06-27 19:12:29,0.0,0.0,2026-09-25,있음,빈 기록 (0초·0바이트)
1010,mangoi-class,박서연,2026-06-27 19:14:29,0.0,0.0,2026-09-25,있음,빈 기록 (0초·0바이트)
1011,mangoi-class,김민수,2026-06-27 19:17:09,0.0,0.0,2026-09-25,있음,빈 기록 (0초·0바이트)
1012,mangoi-class,박서연,2026-06-27 19:24:17,0.0,0.0,2026-09-25,있음,빈 기록 (0초·0바이트)
1013,mangoi-class,김민수,2026-06-27 19:25:57,0.0,0.0,2026-09-25,있음,빈 기록 (0초·0바이트)
1014,mangoi-class,김민수,2026-06-27 19:26:25,0.0,0.0,2026-09-25,있음,빈 기록 (0초·0바이트)
1015,mangoi-class,김민수,2026-06-27 19:34:27,0.0,0.0,2026-09-25,있음,빈 기록 (0초·0바이트)
1016,mangoi-class,김민수,2026-06-27 19:34:54,0.0,0.0,2026-09-25,있음,빈 기록 (0초·0바이트)
1017,mangoi-class,김민수,2026-06-27 22:43:58,0.0,0.0,2026-09-25,있음,빈 기록 (0초·0바이트)
1019,mangoi-class,김민수,2026-06-27 22:48:45,0.0,0.0,2026-09-25,있음,빈 기록 (0초·0바이트)
1020,mangoi-class,김민수,2026-06-27 23:00:17,0.0,0.0,2026-09-25,있음,빈 기록 (0초·0바이트)
1022,mangoi-class,김민수,2026-06-27 23:27:41,0.0,0.0,2026-09-25,있음,빈 기록 (0초·0바이트)
1024,mangoi-class,김민수,2026-06-27 23:30:08,0.0,0.0,2026-09-25,있음,빈 기록 (0초·0바이트)
1026,mangoi-class,김민수,2026-06-27 23:43:04,0.0,0.0,2026-09-25,있음,빈 기록 (0초·0바이트)
1027,mangoi-class,김민수,2026-06-27 23:43:35,0.0,0.0,2026-09-25,있음,빈 기록 (0초·0바이트)
1028,mangoi-class,김민수,2026-06-27 23:44:10,0.0,0.0,2026-09-25,있음,빈 기록 (0초·0바이트)
1030,mangoi-class,박서연,2026-06-27 23:46:19,0.0,0.0,2026-09-25,있음,빈 기록 (0초·0바이트)
1031,mangoi-class,김민수,2026-06-27 23:54:03,0.0,0.0,2026-09-25,있음,빈 기록 (0초·0바이트)
1034,mangoi-class,김민수,2026-06-28 00:13:46,0.0,0.0,2026-09-26,있음,빈 기록 (0초·0바이트)
1037,mangoi-class,김민수,2026-06-28 01:03:43,0.0,0.0,2026-09-26,있음,빈 기록 (0초·0바이트)
1039,mangoi-class,김민수,2026-06-28 01:30:13,0.0,0.0,2026-09-26,있음,빈 기록 (0초·0바이트)
1040,mangoi-class,김민수,2026-06-28 01:42:35,0.0,0.0,2026-09-26,있음,빈 기록 (0초·0바이트)
1041,mangoi-class,김민수,2026-06-28 02:46:28,0.0,0.0,2026-09-26,있음,빈 기록 (0초·0바이트)
1042,mangoi-class,김민수,2026-06-28 02:56:28,5.4,0.0,2026-09-26,있음,기록만 (파일 0바이트)
1043,mangoi-class,김민수,2026-06-28 03:56:27,0.0,0.0,2026-09-26,있음,빈 기록 (0초·0바이트)
1044,mangoi-class,김민수,2026-06-28 13:01:58,4.0,0.0,2026-09-26,있음,기록만 (파일 0바이트)
1047,mangoi-class,교사 교사,2026-06-28 13:26:15,0.0,0.0,2026-09-26,있음,빈 기록 (0초·0바이트)
1048,mangoi-class,교사 교사,2026-06-28 13:34:44,0.0,0.0,2026-09-26,있음,기록만 (파일 0바이트)
1049,mangoi-class,교사 교사,2026-06-28 13:40:02,0.0,0.0,2026-09-26,있음,빈 기록 (0초·0바이트)
1050,mangoi-class,교사 교사,2026-06-28 13:44:06,0.0,0.0,2026-09-26,있음,빈 기록 (0초·0바이트)
1051,mangoi-class,교사 교사,2026-06-28 13:46:12,0.0,0.0,2026-09-26,있음,빈 기록 (0초·0바이트)
1052,mangoi-class,교사 교사,2026-06-28 13:47:32,0.9,0.0,2026-09-26,있음,기록만 (파일 0바이트)
1053,mangoi-class,김민수,2026-06-28 14:26:46,0.0,0.0,2026-09-26,있음,빈 기록 (0초·0바이트)
1054,mangoi-class,김민수,2026-06-28 14:27:03,0.0,0.0,2026-09-26,있음,빈 기록 (0초·0바이트)
1055,mangoi-class,김민수,2026-06-28 14:28:41,0.0,0.0,2026-09-26,있음,빈 기록 (0초·0바이트)
1056,mangoi-class,김민수,2026-06-28 14:30:08,0.0,0.0,2026-09-26,있음,빈 기록 (0초·0바이트)
1057,mangoi-class,김민수,2026-06-28 15:15:44,0.0,0.0,2026-09-26,있음,빈 기록 (0초·0바이트)
1058,mangoi-class,김민수,2026-06-28 15:16:45,0.0,0.0,2026-09-26,있음,빈 기록 (0초·0바이트)
1059,mangoi-class,홍길동,2026-06-28 18:03:04,0.0,0.0,2026-09-26,있음,빈 기록 (0초·0바이트)
1060,mangoi-class,김민수,2026-06-28 18:04:19,1.4,0.0,2026-09-26,있음,기록만 (파일 0바이트)
1061,mangoi-class,김민수,2026-06-29 15:55:38,0.0,0.0,2026-09-27,있음,빈 기록 (0초·0바이트)
1062,mangoi-class,김민수,2026-06-29 15:56:31,0.0,0.0,2026-09-27,있음,빈 기록 (0초·0바이트)
1063,mangoi-class,이병엽,2026-06-30 04:20:39,0.0,0.0,2026-09-28,있음,빈 기록 (0초·0바이트)
1064,mangoi-class,이병엽,2026-06-30 04:27:09,0.0,0.0,2026-09-28,있음,빈 기록 (0초·0바이트)
